============================================================
  SPORTYBET VIRTUAL PREDICTOR - WEB APP
  2026-07-08  16:06:07
============================================================
  Starting at http://127.0.0.1:5000
============================================================
 * Serving Flask app 'app'
 * Debug mode: off
  [App] Loading football data...
  [OddsPoll] Odds poller thread started
  [Health] Reset thread event loop (recovering from killed browser)
  [Data] England: 22860 matches from seasons [1, 2, 3, 4]
  [Data] France: 39392 matches from seasons [1, 2, 3, 4]
  [Data] Germany: 50328 matches from seasons [1, 2, 3, 4]
  [Data] Italy: 58620 matches from seasons [1, 2, 3, 4]
  [Data] Spain: 64210 matches from seasons [1, 2, 3, 4]
  [Data] Turkey: 51921 matches from seasons [1, 2, 3, 4]
  [App] Building Poisson models...
  [App] Evaluating accuracy & building improved models...
  [Accuracy] England: 3930 evaluated, 1X2=49.2%, O2.5=54.8%, BTTS=55.0%
  [Accuracy] France: 5891 evaluated, 1X2=46.9%, O2.5=52.5%, BTTS=52.2%
  [Accuracy] Germany: 6045 evaluated, 1X2=47.9%, O2.5=52.8%, BTTS=54.4%
  [Accuracy] Italy: 6589 evaluated, 1X2=48.9%, O2.5=52.4%, BTTS=51.5%
  [Accuracy] Spain: 6255 evaluated, 1X2=47.8%, O2.5=53.5%, BTTS=52.2%
  [Accuracy] Turkey: 5718 evaluated, 1X2=45.4%, O2.5=52.8%, BTTS=53.1%
  [App] Loading racing data...
  🌐 IP: {"ip":"170.75.255.68"}
  🛡️ Advanced (16-layer) stealth active
  [Data] Greyhound Racing: 2249 races, venues: London, Santa Monica
  [Data] Horse Racing: 2129 races, venues: Dubai, Golden Gate Fields, Kentucky, Queen Mary, Royal Meadow, San Pablo
  [Data] Motorbike Racing: 1211 races, venues: Southern
  [Data] Speedway Racing: 893 races, venues: Bristol
  [App] Building racing models...
  [App] Models ready: 6 football leagues, 10 racing venues, 102 predictions, 102 improved predictions
  [Scraper] History sufficient — skipping heavy scrape, going straight to incremental updates

  [Scraper] QUICK scrape at 2026-07-08 16:06:42.555718
  [Health] Reset thread event loop (recovering from killed browser)
  🌐 IP: {"ip":"170.75.255.68"}
  🛡️ Advanced (16-layer) stealth active
  ℹ All frames (1): https://www.sportybet.com/ng/virtual/
  ℹ iframe[src] in DOM: [{'src': 'https://virtual-games.virtustec.com/desktop-v4/default/?checkScroll=true&containerId=golden-race-desktop-app&profile=sportybet-dark&hwId=49690d2f-0517-46ff-bd66-6aedd9958826&showHeader=true', 'id': '', 'cls': ''}]
  ℹ iframe[src] in DOM: [{'src': 'https://virtual-games.virtustec.com/desktop-v4/default/?checkScroll=true&containerId=golden-race-desktop-app&profile=sportybet-dark&hwId=49690d2f-0517-46ff-bd66-6aedd9958826&showHeader=true', 'id': '', 'cls': ''}]
  ℹ All frames (2): https://www.sportybet.com/ng/virtual/ | https://virtual-games.virtustec.com/desktop-v4/default/?checkScroll=tr
  ℹ iframe[src] in DOM: [{'src': 'https://virtual-games.virtustec.com/desktop-v4/default/?checkScroll=true&containerId=golden-race-desktop-app&profile=sportybet-dark&hwId=49690d2f-0517-46ff-bd66-6aedd9958826&showHeader=true', 'id': '', 'cls': ''}]
  ℹ iframe[src] in DOM: [{'src': 'https://virtual-games.virtustec.com/desktop-v4/default/?checkScroll=true&containerId=golden-race-desktop-app&profile=sportybet-dark&hwId=49690d2f-0517-46ff-bd66-6aedd9958826&showHeader=true', 'id': '', 'cls': ''}]
  ℹ All frames (2): https://www.sportybet.com/ng/virtual/ | https://virtual-games.virtustec.com/desktop-v4/default/?checkScroll=tr
  ℹ iframe[src] in DOM: [{'src': 'https://virtual-games.virtustec.com/desktop-v4/default/?checkScroll=true&containerId=golden-race-desktop-app&profile=sportybet-dark&hwId=49690d2f-0517-46ff-bd66-6aedd9958826&showHeader=true', 'id': '', 'cls': ''}]
  ℹ iframe[src] in DOM: [{'src': 'https://virtual-games.virtustec.com/desktop-v4/default/?checkScroll=true&containerId=golden-race-desktop-app&profile=sportybet-dark&hwId=49690d2f-0517-46ff-bd66-6aedd9958826&showHeader=true', 'id': '', 'cls': ''}]
  ℹ All frames (2): https://www.sportybet.com/ng/virtual/ | https://virtual-games.virtustec.com/desktop-v4/default/?checkScroll=tr
  ℹ iframe[src] in DOM: [{'src': 'https://virtual-games.virtustec.com/desktop-v4/default/?checkScroll=true&containerId=golden-race-desktop-app&profile=sportybet-dark&hwId=49690d2f-0517-46ff-bd66-6aedd9958826&showHeader=true', 'id': '', 'cls': ''}]
  ℹ All frames (1): https://www.sportybet.com/ng/virtual/
  ℹ iframe[src] in DOM: [{'src': 'https://virtual-games.virtustec.com/desktop-v4/default/?checkScroll=true&containerId=golden-race-desktop-app&profile=sportybet-dark&hwId=49690d2f-0517-46ff-bd66-6aedd9958826&showHeader=true', 'id': '', 'cls': ''}]
  ℹ iframe[src] in DOM: [{'src': 'https://virtual-games.virtustec.com/desktop-v4/default/?checkScroll=true&containerId=golden-race-desktop-app&profile=sportybet-dark&hwId=49690d2f-0517-46ff-bd66-6aedd9958826&showHeader=true', 'id': '', 'cls': ''}]
  ℹ iframe[src] in DOM: [{'src': 'https://virtual-games.virtustec.com/desktop-v4/default/?checkScroll=true&containerId=golden-race-desktop-app&profile=sportybet-dark&hwId=49690d2f-0517-46ff-bd66-6aedd9958826&showHeader=true', 'id': '', 'cls': ''}]
  ℹ All frames (2): https://www.sportybet.com/ng/virtual/ | https://virtual-games.virtustec.com/desktop-v4/default/?checkScroll=tr
  ✓ Found virtual frame: https://virtual-games.virtustec.com/desktop-v4/default/?checkScroll=true&containerId=golden-race-des
    ✓ Clicked 'Greyhound Racing' toggler via: a.toggler:has-text('Greyhound Racing')
    ⏳ Waiting for 'Greyhound Racing' submenu to expand...
    ✓ 'Greyhound Racing' submenu expanded
  ℹ All frames (2): https://www.sportybet.com/ng/virtual/ | https://virtual-games.virtustec.com/desktop-v4/default/?checkScroll=tr
  ℹ iframe[src] in DOM: [{'src': 'https://virtual-games.virtustec.com/desktop-v4/default/?checkScroll=true&containerId=golden-race-desktop-app&profile=sportybet-dark&hwId=49690d2f-0517-46ff-bd66-6aedd9958826&showHeader=true', 'id': '', 'cls': ''}]
  ℹ iframe[src] in DOM: [{'src': 'https://virtual-games.virtustec.com/desktop-v4/default/?checkScroll=true&containerId=golden-race-desktop-app&profile=sportybet-dark&hwId=49690d2f-0517-46ff-bd66-6aedd9958826&showHeader=true', 'id': '', 'cls': ''}]
  ℹ All frames (2): https://www.sportybet.com/ng/virtual/ | https://virtual-games.virtustec.com/desktop-v4/default/?checkScroll=tr
  ℹ iframe[src] in DOM: [{'src': 'https://virtual-games.virtustec.com/desktop-v4/default/?checkScroll=true&containerId=golden-race-desktop-app&profile=sportybet-dark&hwId=49690d2f-0517-46ff-bd66-6aedd9958826&showHeader=true', 'id': '', 'cls': ''}]
  ℹ iframe[src] in DOM: [{'src': 'https://virtual-games.virtustec.com/desktop-v4/default/?checkScroll=true&containerId=golden-race-desktop-app&profile=sportybet-dark&hwId=49690d2f-0517-46ff-bd66-6aedd9958826&showHeader=true', 'id': '', 'cls': ''}]
  [RaceOdds] Greyhound Racing/Santa Monica: page did not load this venue, skipping
  [RaceOdds] Could not open Greyhound Racing / London
  ℹ All frames (2): https://www.sportybet.com/ng/virtual/ | https://virtual-games.virtustec.com/desktop-v4/default/?checkScroll=tr
  ℹ iframe[src] in DOM: [{'src': 'https://virtual-games.virtustec.com/desktop-v4/default/?checkScroll=true&containerId=golden-race-desktop-app&profile=sportybet-dark&hwId=49690d2f-0517-46ff-bd66-6aedd9958826&showHeader=true', 'id': '', 'cls': ''}]
  ✓ Found virtual frame: https://virtual-games.virtustec.com/desktop-v4/default/?checkScroll=true&containerId=golden-race-des
  [Scraper] Quick scrape: latest GWs per league + odds...

  🎯 Target: 30 matches (~0.08 seasons)

  📂 Navigating to Football League → Results History
    ✓ Clicked Football League toggler via: a.toggler.gr-icon-league
    ⏳ Waiting for Football League submenu to expand...
    ✓ Football League submenu expanded
  📄 Debug dump saved: debug_frame_results_history_loaded.txt
    ✓ Results History loaded — dump saved
  🔀 Selecting league tab: England
    ⚠ Top tab 'England' not found — dumping
  📄 Debug dump saved: debug_frame_top_tab_England_fail.txt

  📂 Navigating to Football League → Results History
    ✓ Clicked Football League toggler via: a.toggler.gr-icon-league
    ⏳ Waiting for Football League submenu to expand...
    ✓ Football League submenu expanded
    ↺ JS click failed — trying Playwright fallback
    ⚠ Could not click Results History — dumping frame
  📄 Debug dump saved: debug_frame_results_history_fail.txt

  🎯 Target: 27 matches (~0.09 seasons)
  🔀 Selecting league tab: France
    ✓ Clicked top tab 'France' via div.item
    ⚠ Could not click 'Horse Racing' toggler
  📄 Debug dump: debug_racing_horse_racing_toggler_fail.txt

  📅 Day 0 (today): scraping France...
    Initial visible: 0 new  |  total so far: 0
    ℹ Load More exhausted after 0 clicks

  📅 Day -1 (2026-07-07): navigating date filter...
    ✓ Clicked top tab 'France' via div.item
    Initial visible: 45 new  |  total so far: 45

  ✅ France: 45 matches across ~1 seasons (target was 1)
  [Scraper] Saved 45 France matches (quick)

  🎯 Target: 27 matches (~0.09 seasons)
  🔀 Selecting league tab: Germany
    ✓ Clicked top tab 'Germany' via div.item

  📅 Day 0 (today): scraping Germany...
    Initial visible: 45 new  |  total so far: 45

  ✅ Germany: 45 matches across ~1 seasons (target was 1)
  [Scraper] Saved 45 Germany matches (quick)
    ⚠ Could not click 'Speedway Racing' toggler
  📄 Debug dump: debug_racing_speedway_racing_toggler_fail.txt

  🎯 Target: 30 matches (~0.08 seasons)
  🔀 Selecting league tab: Italy
    ✓ Clicked top tab 'Italy' via div.item

  📅 Day 0 (today): scraping Italy...
    Initial visible: 50 new  |  total so far: 50

  ✅ Italy: 50 matches across ~2 seasons (target was 1)
  [Scraper] Saved 50 Italy matches (quick)

  🎯 Target: 30 matches (~0.08 seasons)
  🔀 Selecting league tab: Spain
    ✓ Clicked top tab 'Spain' via div.item

  📅 Day 0 (today): scraping Spain...
    Initial visible: 50 new  |  total so far: 50

  ✅ Spain: 50 matches across ~2 seasons (target was 1)
  [Scraper] Saved 50 Spain matches (quick)
    ⚠ Could not click 'Motorbike Racing' toggler
  📄 Debug dump: debug_racing_motorbike_racing_toggler_fail.txt
  [Odds] Navigating to England

  🎯 Target: 27 matches (~0.09 seasons)
  🔀 Selecting league tab: Turkey
    ✓ Clicked top tab 'Turkey' via div.item

  📅 Day 0 (today): scraping Turkey...
    Initial visible: 45 new  |  total so far: 45

  ✅ Turkey: 45 matches across ~1 seasons (target was 1)
  [Scraper] Saved 45 Turkey matches (quick)

  📂 Navigating to Greyhound Racing → Results History
    ✓ Clicked 'Greyhound Racing' toggler via: a.toggler:has-text('Greyhound Racing')
    ⏳ Waiting for 'Greyhound Racing' submenu to expand...
    ✓ 'Greyhound Racing' submenu expanded
  📄 Debug dump: debug_racing_rh_greyhound_racing_loaded.txt
    ✓ Results History loaded for 'Greyhound Racing'
    ✓ Clicked 'Load more events'
    ✓ Clicked 'Load more events'
  [Scraper] Saved 15 Greyhound Racing results

  📂 Navigating to Horse Racing → Results History
    ✓ Clicked 'Horse Racing' toggler via: a.toggler:has-text('Horse Racing')
    ⏳ Waiting for 'Horse Racing' submenu to expand...
    ✓ 'Horse Racing' submenu expanded
  📄 Debug dump: debug_racing_rh_horse_racing_loaded.txt
    ✓ Results History loaded for 'Horse Racing'
    ✓ Clicked 'Load more events'
  [Scraper] Saved 15 Horse Racing results

  📂 Navigating to Speedway Racing → Results History
    ✓ Clicked 'Speedway Racing' toggler via: a.toggler:has-text('Speedway Racing')
    ⏳ Waiting for 'Speedway Racing' submenu to expand...
    Could not click 'Football League'
    Could not click Football League toggler
    ✓ 'Speedway Racing' submenu expanded
  [Odds] Navigating to France
  📄 Debug dump: debug_racing_rh_speedway_racing_loaded.txt
    ✓ Results History loaded for 'Speedway Racing'

  📂 Navigating to Motorbike Racing → Results History
    ✓ Clicked 'Motorbike Racing' toggler via: a.toggler:has-text('Motorbike Racing')
    ⏳ Waiting for 'Motorbike Racing' submenu to expand...
    ✓ 'Motorbike Racing' submenu expanded
  📄 Debug dump: debug_racing_rh_motorbike_racing_loaded.txt
    ✓ Results History loaded for 'Motorbike Racing'
  [Scraper] Reloading page for odds scraping...
    Could not click 'Football League'
    Could not click Football League toggler
  [Odds] Navigating to Germany
  ℹ All frames (1): https://www.sportybet.com/ng/virtual/
  ℹ iframe[src] in DOM: [{'src': 'https://virtual-games.virtustec.com/desktop-v4/default/?checkScroll=true&containerId=golden-race-desktop-app&profile=sportybet-dark&hwId=49690d2f-0517-46ff-bd66-6aedd9958826&showHeader=true', 'id': '', 'cls': ''}]
  ✓ Found virtual frame: https://virtual-games.virtustec.com/desktop-v4/default/?checkScroll=true&containerId=golden-race-des
  [Odds] Navigating to England
    Clicked 'Football League' via: a.toggler.gr-icon-league
    Football League submenu expanded
    Upcoming click (JS-scoped): clicked
    Clicked 'England' via: text=England
    DEBUG: page dump (6886 chars)
  [Odds] England: 60 matches across 6 weeks: {'Week 13 - England': 10, 'Week 14 - England': 10, 'Week 15 - England': 10, 'Week 16 - England': 10, 'Week 17 - England': 10, 'Week 18 - England': 10}
    Match result tab: clicked_mr
    Assigned 1X2 odds to 60 matches
    Over/Under tab: clicked_ou
    Assigned O/U odds to 60 matches (per-row)
  [Scraper] Saved 60 England odds
    Could not click 'Football League'
    Could not click Football League toggler
  [Odds] Navigating to France
    Football League toggler already expanded
    Football League submenu expanded
    Upcoming click (JS-scoped): clicked
  [Odds] Navigating to Italy
    Clicked 'France' via: text=France
  [Odds] France: 54 matches across 6 weeks: {'Week 15 - France': 9, 'Week 16 - France': 9, 'Week 17 - France': 9, 'Week 18 - France': 9, 'Week 19 - France': 9, 'Week 20 - France': 9}
    Match result tab: clicked_mr
    Assigned 1X2 odds to 54 matches
    Over/Under tab: clicked_ou
    Assigned O/U odds to 54 matches (per-row)
  [Scraper] Saved 54 France odds
  [Odds] Navigating to Germany
    Football League toggler already expanded
    Football League submenu expanded
    Upcoming click (JS-scoped): clicked
    Clicked 'Germany' via: text=Germany
    Could not click 'Football League'
    Could not click Football League toggler
  [Odds] Navigating to Spain
  [Odds] Germany: 54 matches across 6 weeks: {'Week 2 - Germany': 9, 'Week 3 - Germany': 9, 'Week 4 - Germany': 9, 'Week 5 - Germany': 9, 'Week 6 - Germany': 9, 'Week 7 - Germany': 9}
    Match result tab: clicked_mr
    Assigned 1X2 odds to 54 matches
    Over/Under tab: clicked_ou
    Assigned O/U odds to 54 matches (per-row)
  [Scraper] Saved 54 Germany odds
  [Odds] Navigating to Italy
    Football League toggler already expanded
    Football League submenu expanded
    Upcoming click (JS-scoped): clicked
    Clicked 'Italy' via: text=Italy
  [Odds] Italy: 60 matches across 6 weeks: {'Week 14 - Italy': 10, 'Week 15 - Italy': 10, 'Week 16 - Italy': 10, 'Week 17 - Italy': 10, 'Week 18 - Italy': 10, 'Week 19 - Italy': 10}
    Match result tab: clicked_mr
    Could not click 'Football League'
    Could not click Football League toggler
  [Odds] Navigating to Turkey
    Assigned 1X2 odds to 60 matches
    Over/Under tab: clicked_ou
    Assigned O/U odds to 60 matches (per-row)
  [Scraper] Saved 60 Italy odds
  [Odds] Navigating to Spain
    Football League toggler already expanded
    Football League submenu expanded
    Upcoming click (JS-scoped): clicked
    Clicked 'Spain' via: text=Spain
  [Odds] Spain: 60 matches across 6 weeks: {'Week 15 - Spain': 10, 'Week 16 - Spain': 10, 'Week 17 - Spain': 10, 'Week 18 - Spain': 10, 'Week 19 - Spain': 10, 'Week 20 - Spain': 10}
    Match result tab: clicked_mr
    Assigned 1X2 odds to 60 matches
    Over/Under tab: clicked_ou
    Could not click 'Football League'
    Could not click Football League toggler
  [OddsPoll] Poll #1: no odds scraped
    Assigned O/U odds to 60 matches (per-row)
  [Scraper] Saved 60 Spain odds
  [Odds] Navigating to Turkey
    Football League toggler already expanded
    Football League submenu expanded
    Upcoming click (JS-scoped): clicked
    Clicked 'Turkey' via: text=Turkey
  [Odds] Turkey: 54 matches across 6 weeks: {'Week 27 - Turkey': 9, 'Week 28 - Turkey': 9, 'Week 29 - Turkey': 9, 'Week 30 - Turkey': 9, 'Week 31 - Turkey': 9, 'Week 32 - Turkey': 9}
    Match result tab: clicked_mr
    Assigned 1X2 odds to 54 matches
    Over/Under tab: clicked_ou
  [Odds] Navigating to England
    Assigned O/U odds to 45 matches (per-row)
  [Scraper] Saved 54 Turkey odds
  [App] Loading football data...
  [Data] England: 22860 matches from seasons [1, 2, 3, 4]
  [Data] France: 39437 matches from seasons [1, 2, 3, 4]
  [Data] Germany: 50373 matches from seasons [1, 2, 3, 4]
  [Data] Italy: 58670 matches from seasons [1, 2, 3, 4]
  [Data] Spain: 64260 matches from seasons [1, 2, 3, 4]
  [Data] Turkey: 51966 matches from seasons [1, 2, 3, 4]
  [App] Building Poisson models...
    Could not click 'Football League'
    Could not click Football League toggler
  [Odds] Navigating to France
  [App] Evaluating accuracy & building improved models...
  [Accuracy] England: 3930 evaluated, 1X2=49.2%, O2.5=54.8%, BTTS=55.0%
  [Accuracy] France: 5891 evaluated, 1X2=46.9%, O2.5=52.5%, BTTS=52.2%
  [Accuracy] Germany: 6047 evaluated, 1X2=47.9%, O2.5=52.8%, BTTS=54.4%
  [Accuracy] Italy: 6590 evaluated, 1X2=48.9%, O2.5=52.4%, BTTS=51.5%
  [Accuracy] Spain: 6257 evaluated, 1X2=47.8%, O2.5=53.5%, BTTS=52.2%
  [Accuracy] Turkey: 5721 evaluated, 1X2=45.4%, O2.5=52.8%, BTTS=53.1%
  [App] Loading racing data...
  [Data] Greyhound Racing: 2264 races, venues: London, Santa Monica
  [Data] Horse Racing: 2129 races, venues: Dubai, Golden Gate Fields, Kentucky, Queen Mary, Royal Meadow, San Pablo
  [Data] Motorbike Racing: 1211 races, venues: Southern
  [Data] Speedway Racing: 893 races, venues: Bristol
  [App] Building racing models...
  [App] Models ready: 6 football leagues, 10 racing venues, 342 predictions, 342 improved predictions
    Could not click 'Football League'
    Could not click Football League toggler
  [Odds] Navigating to Germany
    Could not click 'Football League'
    Could not click Football League toggler
  [Odds] Navigating to Italy
    Could not click 'Football League'
    Could not click Football League toggler
  [Odds] Navigating to Spain
    Could not click 'Football League'
    Could not click Football League toggler
  [Odds] Navigating to Turkey
    Could not click 'Football League'
    Could not click Football League toggler
  [OddsPoll] Poll #2: no odds scraped
    ⚠ Could not click 'Greyhound Racing' toggler
  📄 Debug dump: debug_racing_greyhound_racing_toggler_fail.txt
    ⚠ Could not click 'Horse Racing' toggler
  📄 Debug dump: debug_racing_horse_racing_toggler_fail.txt
    ⚠ Could not click 'Speedway Racing' toggler
  📄 Debug dump: debug_racing_speedway_racing_toggler_fail.txt
    ⚠ Could not click 'Motorbike Racing' toggler
  📄 Debug dump: debug_racing_motorbike_racing_toggler_fail.txt
  [OddsPoll] 2 empty polls — reloading virtual page
  ℹ All frames (1): https://www.sportybet.com/ng/virtual/
  ℹ iframe[src] in DOM: [{'src': 'https://virtual-games.virtustec.com/desktop-v4/default/?checkScroll=true&containerId=golden-race-desktop-app&profile=sportybet-dark&hwId=49690d2f-0517-46ff-bd66-6aedd9958826&showHeader=true', 'id': '', 'cls': ''}]
  ✓ Found virtual frame: https://virtual-games.virtustec.com/desktop-v4/default/?checkScroll=true&containerId=golden-race-des
    ✓ Clicked 'Greyhound Racing' toggler via: a.toggler:has-text('Greyhound Racing')
    ⏳ Waiting for 'Greyhound Racing' submenu to expand...
    ✓ 'Greyhound Racing' submenu expanded
  [RaceOdds] Greyhound Racing/Santa Monica: 6 upcoming races
  [RaceOdds] Greyhound Racing/London: 6 upcoming races
    ✓ Clicked 'Horse Racing' toggler via: a.toggler:has-text('Horse Racing')
    ⏳ Waiting for 'Horse Racing' submenu to expand...
    ✓ 'Horse Racing' submenu expanded
  [RaceOdds] Horse Racing/Royal Meadow: 6 upcoming races
  [RaceOdds] Horse Racing/Queen Mary: 6 upcoming races
  [RaceOdds] Horse Racing/Paris: 6 upcoming races
  [RaceOdds] Horse Racing/Kentucky: 6 upcoming races
  [RaceOdds] Horse Racing/San Pablo: 6 upcoming races
  [RaceOdds] Horse Racing/Dubai: 6 upcoming races
  [RaceOdds] Horse Racing/Palermo: 6 upcoming races
  [RaceOdds] Horse Racing/Melbourne: 6 upcoming races
  [RaceOdds] Horse Racing/Golden Gate Fields: 6 upcoming races
  [RaceOdds] Horse Racing/Gulfstream: 6 upcoming races
    ✓ Clicked 'Speedway Racing' toggler via: a.toggler:has-text('Speedway Racing')
    ⏳ Waiting for 'Speedway Racing' submenu to expand...
    ✓ 'Speedway Racing' submenu expanded
  [RaceOdds] Speedway Racing/Bristol: 4 upcoming races
    ✓ Clicked 'Motorbike Racing' toggler via: a.toggler:has-text('Motorbike Racing')
    ⏳ Waiting for 'Motorbike Racing' submenu to expand...
    ✓ 'Motorbike Racing' submenu expanded
  [RaceOdds] Motorbike Racing/Southern: 6 upcoming races
  [RacePoll] 82 upcoming races across 14 venues
  [Odds] Navigating to England
    Clicked 'Football League' via: a.toggler.gr-icon-league
    Football League submenu expanded
    Upcoming click (JS-scoped): clicked
    Clicked 'England' via: text=England
    DEBUG: page dump (6008 chars)
  [Odds] England: 50 matches across 5 weeks: {'Week 16 - England': 10, 'Week 17 - England': 10, 'Week 18 - England': 10, 'Week 19 - England': 10, 'Week 20 - England': 10}
    Match result tab: clicked_mr
    Assigned 1X2 odds to 50 matches
    Over/Under tab: clicked_ou
    Assigned O/U odds to 50 matches (per-row)
  [Scraper] Saved 50 England odds
  [Odds] Navigating to France
    Football League toggler already expanded
    Football League submenu expanded
    Upcoming click (JS-scoped): clicked
    Clicked 'France' via: text=France
  [Odds] France: 54 matches across 6 weeks: {'Week 17 - France': 9, 'Week 18 - France': 9, 'Week 19 - France': 9, 'Week 20 - France': 9, 'Week 21 - France': 9, 'Week 22 - France': 9}
    Match result tab: clicked_mr
    Assigned 1X2 odds to 54 matches
    Over/Under tab: clicked_ou
    Assigned O/U odds to 54 matches (per-row)
  [Scraper] Saved 54 France odds
  [Odds] Navigating to Germany
    Football League toggler already expanded
    Football League submenu expanded
    Upcoming click (JS-scoped): clicked
    Clicked 'Germany' via: text=Germany
  [Odds] Germany: 54 matches across 6 weeks: {'Week 4 - Germany': 9, 'Week 5 - Germany': 9, 'Week 6 - Germany': 9, 'Week 7 - Germany': 9, 'Week 8 - Germany': 9, 'Week 9 - Germany': 9}
    Match result tab: clicked_mr
    Assigned 1X2 odds to 54 matches
    Over/Under tab: clicked_ou
    Assigned O/U odds to 54 matches (per-row)
  [Scraper] Saved 54 Germany odds
  [Odds] Navigating to Italy
    Football League toggler already expanded
    Football League submenu expanded
    Upcoming click (JS-scoped): clicked
  [Scraper] Pruned 18 odds files older than 24h

  [Scraper] QUICK scrape at 2026-07-08 16:16:46.297039
  [Health] Reset thread event loop (recovering from killed browser)
  [Scraper] Quick scrape failed: It looks like you are using Playwright Sync API inside the asyncio loop.
Please use the Async API instead.
  [Scraper] Rebuilding models...
  [App] Loading football data...
    Clicked 'Italy' via: text=Italy
  [Odds] Italy: 60 matches across 6 weeks: {'Week 16 - Italy': 10, 'Week 17 - Italy': 10, 'Week 18 - Italy': 10, 'Week 19 - Italy': 10, 'Week 20 - Italy': 10, 'Week 21 - Italy': 10}
    Match result tab: clicked_mr
    Assigned 1X2 odds to 60 matches
    Over/Under tab: clicked_ou
    Assigned O/U odds to 60 matches (per-row)
  [Scraper] Saved 60 Italy odds
  [Odds] Navigating to Spain
    Football League toggler already expanded
    Football League submenu expanded
    Upcoming click (JS-scoped): clicked
  [Data] England: 22860 matches from seasons [1, 2, 3, 4]
  [Data] France: 39437 matches from seasons [1, 2, 3, 4]
  [Data] Germany: 50373 matches from seasons [1, 2, 3, 4]
  [Data] Italy: 58670 matches from seasons [1, 2, 3, 4]
  [Data] Spain: 64260 matches from seasons [1, 2, 3, 4]
  [Data] Turkey: 51966 matches from seasons [1, 2, 3, 4]
  [App] Building Poisson models...
    Clicked 'Spain' via: text=Spain
  [App] Evaluating accuracy & building improved models...
  [Accuracy] England: 3930 evaluated, 1X2=49.2%, O2.5=54.8%, BTTS=55.0%
  [Odds] Spain: 50 matches across 5 weeks: {'Week 18 - Spain': 10, 'Week 19 - Spain': 10, 'Week 20 - Spain': 10, 'Week 21 - Spain': 10, 'Week 22 - Spain': 10}
  [Accuracy] France: 5891 evaluated, 1X2=46.9%, O2.5=52.5%, BTTS=52.2%
    Match result tab: clicked_mr
    Assigned 1X2 odds to 50 matches
    Over/Under tab: clicked_ou
  [Accuracy] Germany: 6047 evaluated, 1X2=47.9%, O2.5=52.8%, BTTS=54.4%
    Assigned O/U odds to 50 matches (per-row)
  [Scraper] Saved 50 Spain odds
  [Odds] Navigating to Turkey
    Football League toggler already expanded
  [Accuracy] Italy: 6590 evaluated, 1X2=48.9%, O2.5=52.4%, BTTS=51.5%
    Football League submenu expanded
    Upcoming click (JS-scoped): clicked
    Clicked 'Turkey' via: text=Turkey
  [Accuracy] Spain: 6257 evaluated, 1X2=47.8%, O2.5=53.5%, BTTS=52.2%
  [Odds] Turkey: 45 matches across 5 weeks: {'Week 30 - Turkey': 9, 'Week 31 - Turkey': 9, 'Week 32 - Turkey': 9, 'Week 33 - Turkey': 9, 'Week 34 - Turkey': 9}
  [Accuracy] Turkey: 5721 evaluated, 1X2=45.4%, O2.5=52.8%, BTTS=53.1%
    Match result tab: clicked_mr
  [App] Loading racing data...
    Assigned 1X2 odds to 45 matches
    Over/Under tab: clicked_ou
  [Data] Greyhound Racing: 2264 races, venues: London, Santa Monica
  [Data] Horse Racing: 2129 races, venues: Dubai, Golden Gate Fields, Kentucky, Queen Mary, Royal Meadow, San Pablo
  [Data] Motorbike Racing: 1211 races, venues: Southern
  [Data] Speedway Racing: 893 races, venues: Bristol
  [App] Building racing models...
  [App] Models ready: 6 football leagues, 10 racing venues, 332 predictions, 332 improved predictions
    Assigned O/U odds to 45 matches (per-row)
  [Health] models_rebuild: ok 07-08 16:17:20  |  odds_scrape: !! 07-08 16:13:30  0 leagues scraped this sweep  |  racing_results: ok 07-08 16:08:44  |  racing_upcoming: ok 07-08 16:16:15  |  results_scrape: ok 07-08 16:08:17  |  virtual_session: ok 07-08 16:07:25
  [Scraper] Saved 45 Turkey odds
  [OddsPoll] Poll #3: got odds for 6 leagues
  [OddsPoll] Spain: GW changed 15 -> 18
  [OddsPoll] Turkey: GW changed 27 -> 30
  [OddsPoll] Predictions refreshed: 313 total
  [Odds] Navigating to England
    Football League toggler already expanded
    Football League submenu expanded
    Upcoming click (JS-scoped): clicked
    Clicked 'England' via: text=England
    DEBUG: page dump (6140 chars)
  [Odds] England: 50 matches across 5 weeks: {'Week 16 - England': 10, 'Week 17 - England': 10, 'Week 18 - England': 10, 'Week 19 - England': 10, 'Week 20 - England': 10}
    Match result tab: clicked_mr
    Assigned 1X2 odds to 50 matches
    Over/Under tab: clicked_ou
    Assigned O/U odds to 50 matches (per-row)
  [Scraper] Saved 50 England odds
  [Odds] Navigating to France
    Football League toggler already expanded
    Football League submenu expanded
    Upcoming click (JS-scoped): clicked
    Clicked 'France' via: text=France
  [Odds] France: 45 matches across 5 weeks: {'Week 18 - France': 9, 'Week 19 - France': 9, 'Week 20 - France': 9, 'Week 21 - France': 9, 'Week 22 - France': 9}
    Match result tab: clicked_mr
    Assigned 1X2 odds to 45 matches
    Over/Under tab: clicked_ou
    Assigned O/U odds to 45 matches (per-row)
  [Scraper] Saved 45 France odds
  [Odds] Navigating to Germany
    Football League toggler already expanded
    Football League submenu expanded
    Upcoming click (JS-scoped): clicked
    Clicked 'Germany' via: text=Germany
  [Odds] Germany: 45 matches across 5 weeks: {'Week 5 - Germany': 9, 'Week 6 - Germany': 9, 'Week 7 - Germany': 9, 'Week 8 - Germany': 9, 'Week 9 - Germany': 9}
    Match result tab: clicked_mr
    Assigned 1X2 odds to 45 matches
    Over/Under tab: clicked_ou
    Assigned O/U odds to 45 matches (per-row)
  [Scraper] Saved 45 Germany odds
  [Odds] Navigating to Italy
    Football League toggler already expanded
    Football League submenu expanded
    Upcoming click (JS-scoped): clicked
    Clicked 'Italy' via: text=Italy
  [Odds] Italy: 50 matches across 5 weeks: {'Week 17 - Italy': 10, 'Week 18 - Italy': 10, 'Week 19 - Italy': 10, 'Week 20 - Italy': 10, 'Week 21 - Italy': 10}
    Match result tab: clicked_mr
    Assigned 1X2 odds to 50 matches
    Over/Under tab: clicked_ou
    Assigned O/U odds to 50 matches (per-row)
  [Scraper] Saved 50 Italy odds
  [Odds] Navigating to Spain
    Football League toggler already expanded
    Football League submenu expanded
    Upcoming click (JS-scoped): clicked
    Clicked 'Spain' via: text=Spain
  [Odds] Spain: 50 matches across 5 weeks: {'Week 18 - Spain': 10, 'Week 19 - Spain': 10, 'Week 20 - Spain': 10, 'Week 21 - Spain': 10, 'Week 22 - Spain': 10}
    Match result tab: clicked_mr
    Assigned 1X2 odds to 50 matches
    Over/Under tab: clicked_ou
    Assigned O/U odds to 50 matches (per-row)
  [Scraper] Saved 50 Spain odds
  [Odds] Navigating to Turkey
    Football League toggler already expanded
    Football League submenu expanded
    Upcoming click (JS-scoped): clicked
    Clicked 'Turkey' via: text=Turkey
  [Odds] Turkey: 45 matches across 5 weeks: {'Week 30 - Turkey': 9, 'Week 31 - Turkey': 9, 'Week 32 - Turkey': 9, 'Week 33 - Turkey': 9, 'Week 34 - Turkey': 9}
    Match result tab: clicked_mr
    Assigned 1X2 odds to 45 matches
    Over/Under tab: clicked_ou
    Assigned O/U odds to 45 matches (per-row)
  [Scraper] Saved 45 Turkey odds
  [OddsPoll] Poll #4: got odds for 6 leagues
  [OddsPoll] France: GW changed 17 -> 18
  [OddsPoll] Germany: GW changed 4 -> 5
  [OddsPoll] Italy: GW changed 16 -> 17
  [OddsPoll] Predictions refreshed: 285 total
    ✓ Clicked 'Greyhound Racing' toggler via: a.toggler:has-text('Greyhound Racing')
    ⏳ Waiting for 'Greyhound Racing' submenu to expand...
    ✓ 'Greyhound Racing' submenu expanded
  [RaceOdds] Greyhound Racing/Santa Monica: 4 upcoming races
  [RaceOdds] Greyhound Racing/London: 4 upcoming races
    ✓ Clicked 'Horse Racing' toggler via: a.toggler:has-text('Horse Racing')
    ⏳ Waiting for 'Horse Racing' submenu to expand...
    ✓ 'Horse Racing' submenu expanded
  [RaceOdds] Horse Racing/Royal Meadow: 4 upcoming races
  [RaceOdds] Horse Racing/Queen Mary: 4 upcoming races
  [RaceOdds] Horse Racing/Paris: 5 upcoming races
  [RaceOdds] Horse Racing/Kentucky: 4 upcoming races
  [RaceOdds] Horse Racing/San Pablo: 5 upcoming races
  [RaceOdds] Horse Racing/Dubai: 4 upcoming races
  [RaceOdds] Horse Racing/Palermo: 5 upcoming races
  [RaceOdds] Horse Racing/Melbourne: 5 upcoming races
  [RaceOdds] Horse Racing/Golden Gate Fields: 4 upcoming races
  [RaceOdds] Horse Racing/Gulfstream: 5 upcoming races
    ✓ Clicked 'Speedway Racing' toggler via: a.toggler:has-text('Speedway Racing')
    ⏳ Waiting for 'Speedway Racing' submenu to expand...
    ✓ 'Speedway Racing' submenu expanded
  [RaceOdds] Speedway Racing/Bristol: 2 upcoming races
    ✓ Clicked 'Motorbike Racing' toggler via: a.toggler:has-text('Motorbike Racing')
    ⏳ Waiting for 'Motorbike Racing' submenu to expand...
    ✓ 'Motorbike Racing' submenu expanded
  [RaceOdds] Motorbike Racing/Southern: 5 upcoming races
  [RacePoll] 60 upcoming races across 14 venues
    ✓ Clicked 'Greyhound Racing' toggler via: a.toggler:has-text('Greyhound Racing')
    ⏳ Waiting for 'Greyhound Racing' submenu to expand...
    ✓ 'Greyhound Racing' submenu expanded
  [RaceOdds] Greyhound Racing/Santa Monica: 3 upcoming races
  [RaceOdds] Greyhound Racing/London: 3 upcoming races
    ✓ Clicked 'Horse Racing' toggler via: a.toggler:has-text('Horse Racing')
    ⏳ Waiting for 'Horse Racing' submenu to expand...
    ✓ 'Horse Racing' submenu expanded
  [RaceOdds] Horse Racing/Royal Meadow: 3 upcoming races
  [RaceOdds] Horse Racing/Queen Mary: 3 upcoming races
  [RaceOdds] Horse Racing/Paris: 4 upcoming races
  [RaceOdds] Horse Racing/Kentucky: 4 upcoming races
  [RaceOdds] Horse Racing/San Pablo: 4 upcoming races
  [RaceOdds] Horse Racing/Dubai: 4 upcoming races
  [RaceOdds] Horse Racing/Palermo: 4 upcoming races
  [RaceOdds] Horse Racing/Melbourne: 4 upcoming races
  [RaceOdds] Horse Racing/Golden Gate Fields: 4 upcoming races
  [RaceOdds] Horse Racing/Gulfstream: 5 upcoming races
    ✓ Clicked 'Speedway Racing' toggler via: a.toggler:has-text('Speedway Racing')
    ⏳ Waiting for 'Speedway Racing' submenu to expand...
    ✓ 'Speedway Racing' submenu expanded
  [RaceOdds] Speedway Racing/Bristol: 3 upcoming races
    ✓ Clicked 'Motorbike Racing' toggler via: a.toggler:has-text('Motorbike Racing')
    ⏳ Waiting for 'Motorbike Racing' submenu to expand...
    ✓ 'Motorbike Racing' submenu expanded
  [RaceOdds] Motorbike Racing/Southern: 5 upcoming races
  [RacePoll] 53 upcoming races across 14 venues
  [Odds] Navigating to England
    Clicked 'Football League' via: a.toggler.gr-icon-league
    Football League submenu expanded
    Upcoming click (JS-scoped): clicked
    Clicked 'England' via: text=England
    DEBUG: page dump (5130 chars)
  [Odds] England: 40 matches across 4 weeks: {'Week 17 - England': 10, 'Week 18 - England': 10, 'Week 19 - England': 10, 'Week 20 - England': 10}
    Match result tab: clicked_mr
    Assigned 1X2 odds to 40 matches
    Over/Under tab: clicked_ou
    Assigned O/U odds to 40 matches (per-row)
  [Scraper] Saved 40 England odds
  [Odds] Navigating to France
    Football League toggler already expanded
    Football League submenu expanded
    Upcoming click (JS-scoped): clicked
    Clicked 'France' via: text=France
  [Odds] France: 36 matches across 4 weeks: {'Week 19 - France': 9, 'Week 20 - France': 9, 'Week 21 - France': 9, 'Week 22 - France': 9}
    Match result tab: clicked_mr
    Assigned 1X2 odds to 36 matches
    Over/Under tab: clicked_ou
    Assigned O/U odds to 36 matches (per-row)
  [Scraper] Saved 36 France odds
  [Odds] Navigating to Germany
    Football League toggler already expanded
    Football League submenu expanded
    Upcoming click (JS-scoped): clicked
    Clicked 'Germany' via: text=Germany
  [Odds] Germany: 36 matches across 4 weeks: {'Week 6 - Germany': 9, 'Week 7 - Germany': 9, 'Week 8 - Germany': 9, 'Week 9 - Germany': 9}
    Match result tab: clicked_mr
    Assigned 1X2 odds to 36 matches
    Over/Under tab: clicked_ou
    Assigned O/U odds to 36 matches (per-row)
  [Scraper] Saved 36 Germany odds
  [Odds] Navigating to Italy
    Football League toggler already expanded
    Football League submenu expanded
    Upcoming click (JS-scoped): clicked
    Clicked 'Italy' via: text=Italy
  [Odds] Italy: 40 matches across 4 weeks: {'Week 18 - Italy': 10, 'Week 19 - Italy': 10, 'Week 20 - Italy': 10, 'Week 21 - Italy': 10}
    Match result tab: clicked_mr
    Assigned 1X2 odds to 40 matches
    Over/Under tab: clicked_ou
    Assigned O/U odds to 40 matches (per-row)
  [Scraper] Saved 40 Italy odds
  [Odds] Navigating to Spain
    Football League toggler already expanded
    Football League submenu expanded
    Upcoming click (JS-scoped): clicked
    Clicked 'Spain' via: text=Spain
  [Odds] Spain: 40 matches across 4 weeks: {'Week 19 - Spain': 10, 'Week 20 - Spain': 10, 'Week 21 - Spain': 10, 'Week 22 - Spain': 10}
    Match result tab: clicked_mr
    Assigned 1X2 odds to 40 matches
    Over/Under tab: clicked_ou
    Assigned O/U odds to 40 matches (per-row)
  [Scraper] Saved 40 Spain odds
  [Odds] Navigating to Turkey
    Football League toggler already expanded
    Football League submenu expanded
    Upcoming click (JS-scoped): clicked
    Clicked 'Turkey' via: text=Turkey
  [Odds] Turkey: 36 matches across 4 weeks: {'Week 31 - Turkey': 9, 'Week 32 - Turkey': 9, 'Week 33 - Turkey': 9, 'Week 34 - Turkey': 9}
    Match result tab: clicked_mr
    Assigned 1X2 odds to 36 matches
    Over/Under tab: clicked_ou
    Assigned O/U odds to 36 matches (per-row)
  [Scraper] Saved 36 Turkey odds
  [OddsPoll] Poll #5: got odds for 6 leagues
  [OddsPoll] England: GW changed 16 -> 17
  [OddsPoll] France: GW changed 18 -> 19
  [OddsPoll] Germany: GW changed 5 -> 6
  [OddsPoll] Italy: GW changed 17 -> 18
  [OddsPoll] Spain: GW changed 18 -> 19
  [OddsPoll] Turkey: GW changed 30 -> 31
  [OddsPoll] Predictions refreshed: 228 total
  [Odds] Navigating to England
    Football League toggler already expanded
    Football League submenu expanded
    Upcoming click (JS-scoped): clicked
  [Scraper] Pruned 18 odds files older than 24h

  [Scraper] QUICK scrape at 2026-07-08 16:22:20.370506
  [Health] Reset thread event loop (recovering from killed browser)
  [Scraper] Quick scrape failed: It looks like you are using Playwright Sync API inside the asyncio loop.
Please use the Async API instead.
  [Scraper] Rebuilding models...
  [App] Loading football data...
    Clicked 'England' via: text=England
    DEBUG: page dump (4252 chars)
  [Odds] England: 30 matches across 3 weeks: {'Week 18 - England': 10, 'Week 19 - England': 10, 'Week 20 - England': 10}
    Match result tab: clicked_mr
    Assigned 1X2 odds to 30 matches
    Over/Under tab: clicked_ou
    Assigned O/U odds to 30 matches (per-row)
  [Scraper] Saved 30 England odds
  [Odds] Navigating to France
  [Data] England: 22860 matches from seasons [1, 2, 3, 4]
  [Data] France: 39437 matches from seasons [1, 2, 3, 4]
    Football League toggler already expanded
  [Data] Germany: 50373 matches from seasons [1, 2, 3, 4]
  [Data] Italy: 58670 matches from seasons [1, 2, 3, 4]
    Football League submenu expanded
  [Data] Spain: 64260 matches from seasons [1, 2, 3, 4]
  [Data] Turkey: 51966 matches from seasons [1, 2, 3, 4]
  [App] Building Poisson models...
    Upcoming click (JS-scoped): clicked
    Clicked 'France' via: text=France
  [App] Evaluating accuracy & building improved models...
  [Accuracy] England: 3930 evaluated, 1X2=49.2%, O2.5=54.8%, BTTS=55.0%
  [Accuracy] France: 5891 evaluated, 1X2=46.9%, O2.5=52.5%, BTTS=52.2%
  [Odds] France: 36 matches across 4 weeks: {'Week 19 - France': 9, 'Week 20 - France': 9, 'Week 21 - France': 9, 'Week 22 - France': 9}
    Match result tab: clicked_mr
    Assigned 1X2 odds to 36 matches
    Over/Under tab: clicked_ou
  [Accuracy] Germany: 6047 evaluated, 1X2=47.9%, O2.5=52.8%, BTTS=54.4%
    Assigned O/U odds to 36 matches (per-row)
  [Scraper] Saved 36 France odds
  [Odds] Navigating to Germany
  [Accuracy] Italy: 6590 evaluated, 1X2=48.9%, O2.5=52.4%, BTTS=51.5%
    Football League toggler already expanded
    Football League submenu expanded
    Upcoming click (JS-scoped): clicked
    Clicked 'Germany' via: text=Germany
  [Accuracy] Spain: 6257 evaluated, 1X2=47.8%, O2.5=53.5%, BTTS=52.2%
  [Odds] Germany: 36 matches across 4 weeks: {'Week 6 - Germany': 9, 'Week 7 - Germany': 9, 'Week 8 - Germany': 9, 'Week 9 - Germany': 9}
    Match result tab: clicked_mr
  [Accuracy] Turkey: 5721 evaluated, 1X2=45.4%, O2.5=52.8%, BTTS=53.1%
  [App] Loading racing data...
    Assigned 1X2 odds to 36 matches
    Over/Under tab: clicked_ou
  [Data] Greyhound Racing: 2264 races, venues: London, Santa Monica
  [Data] Horse Racing: 2129 races, venues: Dubai, Golden Gate Fields, Kentucky, Queen Mary, Royal Meadow, San Pablo
  [Data] Motorbike Racing: 1211 races, venues: Southern
  [Data] Speedway Racing: 893 races, venues: Bristol
  [App] Building racing models...
  [App] Models ready: 6 football leagues, 10 racing venues, 218 predictions, 218 improved predictions
  [Health] models_rebuild: ok 07-08 16:22:53  |  odds_scrape: ok 07-08 16:21:59  |  racing_results: ok 07-08 16:08:44  |  racing_upcoming: ok 07-08 16:21:00  |  results_scrape: ok 07-08 16:08:17  |  virtual_session: ok 07-08 16:07:25
    Assigned O/U odds to 36 matches (per-row)
  [Scraper] Saved 36 Germany odds
  [Odds] Navigating to Italy
    Football League toggler already expanded
    Football League submenu expanded
    Upcoming click (JS-scoped): clicked
    Clicked 'Italy' via: text=Italy
  [Odds] Italy: 40 matches across 4 weeks: {'Week 18 - Italy': 10, 'Week 19 - Italy': 10, 'Week 20 - Italy': 10, 'Week 21 - Italy': 10}
    Match result tab: clicked_mr
    Assigned 1X2 odds to 40 matches
    Over/Under tab: clicked_ou
    Assigned O/U odds to 40 matches (per-row)
  [Scraper] Saved 40 Italy odds
  [Odds] Navigating to Spain
    Football League toggler already expanded
    Football League submenu expanded
    Upcoming click (JS-scoped): clicked
    Clicked 'Spain' via: text=Spain
  [Odds] Spain: 30 matches across 3 weeks: {'Week 20 - Spain': 10, 'Week 21 - Spain': 10, 'Week 22 - Spain': 10}
    Match result tab: clicked_mr
    Assigned 1X2 odds to 30 matches
    Over/Under tab: clicked_ou
    Assigned O/U odds to 30 matches (per-row)
  [Scraper] Saved 30 Spain odds
  [Odds] Navigating to Turkey
    Football League toggler already expanded
    Football League submenu expanded
    Upcoming click (JS-scoped): clicked
    Clicked 'Turkey' via: text=Turkey
  [Odds] Turkey: 27 matches across 3 weeks: {'Week 32 - Turkey': 9, 'Week 33 - Turkey': 9, 'Week 34 - Turkey': 9}
    Match result tab: clicked_mr
    Assigned 1X2 odds to 27 matches
    Over/Under tab: clicked_ou
    Assigned O/U odds to 27 matches (per-row)
  [Scraper] Saved 27 Turkey odds
  [OddsPoll] Poll #6: got odds for 6 leagues
  [OddsPoll] Spain: GW changed 19 -> 20
  [OddsPoll] Turkey: GW changed 31 -> 32
  [OddsPoll] Predictions refreshed: 199 total
    ✓ Clicked 'Greyhound Racing' toggler via: a.toggler:has-text('Greyhound Racing')
    ⏳ Waiting for 'Greyhound Racing' submenu to expand...
    ✓ 'Greyhound Racing' submenu expanded
  [RaceOdds] Greyhound Racing/Santa Monica: 2 upcoming races
  [RaceOdds] Greyhound Racing/London: 2 upcoming races
    ✓ Clicked 'Horse Racing' toggler via: a.toggler:has-text('Horse Racing')
    ⏳ Waiting for 'Horse Racing' submenu to expand...
    ✓ 'Horse Racing' submenu expanded
  [RaceOdds] Horse Racing/Royal Meadow: 2 upcoming races
  [RaceOdds] Horse Racing/Queen Mary: 2 upcoming races
  [RaceOdds] Horse Racing/Paris: 3 upcoming races
  [RaceOdds] Horse Racing/Kentucky: 3 upcoming races
  [RaceOdds] Horse Racing/San Pablo: 3 upcoming races
  [RaceOdds] Horse Racing/Dubai: 3 upcoming races
  [RaceOdds] Horse Racing/Palermo: 3 upcoming races
  [RaceOdds] Horse Racing/Melbourne: 3 upcoming races
  [RaceOdds] Horse Racing/Golden Gate Fields: 3 upcoming races
  [RaceOdds] Horse Racing/Gulfstream: 3 upcoming races
    ✓ Clicked 'Speedway Racing' toggler via: a.toggler:has-text('Speedway Racing')
    ⏳ Waiting for 'Speedway Racing' submenu to expand...
    ✓ 'Speedway Racing' submenu expanded
  [RaceOdds] Speedway Racing/Bristol: 1 upcoming races
    ✓ Clicked 'Motorbike Racing' toggler via: a.toggler:has-text('Motorbike Racing')
    ⏳ Waiting for 'Motorbike Racing' submenu to expand...
    ✓ 'Motorbike Racing' submenu expanded
  [RaceOdds] Motorbike Racing/Southern: 3 upcoming races
  [RacePoll] 36 upcoming races across 14 venues
    ✓ Clicked 'Greyhound Racing' toggler via: a.toggler:has-text('Greyhound Racing')
    ⏳ Waiting for 'Greyhound Racing' submenu to expand...
    ✓ 'Greyhound Racing' submenu expanded
  [RaceOdds] Greyhound Racing/Santa Monica: 1 upcoming races
  [RaceOdds] Greyhound Racing/London: 1 upcoming races
    ✓ Clicked 'Horse Racing' toggler via: a.toggler:has-text('Horse Racing')
    ⏳ Waiting for 'Horse Racing' submenu to expand...
    ✓ 'Horse Racing' submenu expanded
  [RaceOdds] Horse Racing/Royal Meadow: 1 upcoming races
  [RaceOdds] Horse Racing/Queen Mary: 1 upcoming races
  [RaceOdds] Horse Racing/Paris: 3 upcoming races
  [RaceOdds] Horse Racing/Kentucky: 2 upcoming races
  [RaceOdds] Horse Racing/San Pablo: 3 upcoming races
  [RaceOdds] Horse Racing/Dubai: 2 upcoming races
  [RaceOdds] Horse Racing/Palermo: 3 upcoming races
  [RaceOdds] Horse Racing/Melbourne: 3 upcoming races
  [RaceOdds] Horse Racing/Golden Gate Fields: 2 upcoming races
  [RaceOdds] Horse Racing/Gulfstream: 3 upcoming races
    ✓ Clicked 'Speedway Racing' toggler via: a.toggler:has-text('Speedway Racing')
    ⏳ Waiting for 'Speedway Racing' submenu to expand...
    ✓ 'Speedway Racing' submenu expanded
  [RaceOdds] Speedway Racing/Bristol: 1 upcoming races
    ✓ Clicked 'Motorbike Racing' toggler via: a.toggler:has-text('Motorbike Racing')
    ⏳ Waiting for 'Motorbike Racing' submenu to expand...
    ✓ 'Motorbike Racing' submenu expanded
  [RaceOdds] Motorbike Racing/Southern: 3 upcoming races
  [RacePoll] 29 upcoming races across 14 venues
  [Odds] Navigating to England
    Clicked 'Football League' via: a.toggler.gr-icon-league
    Football League submenu expanded
    Upcoming click (JS-scoped): clicked
    Clicked 'England' via: text=England
    DEBUG: page dump (3374 chars)
  [Odds] England: 20 matches across 2 weeks: {'Week 19 - England': 10, 'Week 20 - England': 10}
    Match result tab: clicked_mr
    Assigned 1X2 odds to 20 matches
    Over/Under tab: clicked_ou
    Assigned O/U odds to 20 matches (per-row)
  [Scraper] Saved 20 England odds
  [Odds] Navigating to France
    Football League toggler already expanded
    Football League submenu expanded
    Upcoming click (JS-scoped): clicked
    Clicked 'France' via: text=France
  [Odds] France: 27 matches across 3 weeks: {'Week 20 - France': 9, 'Week 21 - France': 9, 'Week 22 - France': 9}
    Match result tab: clicked_mr
    Found 54 odds numbers but need 81
    Over/Under tab: clicked_ou
    Assigned O/U odds to 18 matches (per-row)
  [Scraper] Saved 27 France odds
  [Odds] Navigating to Germany
    Football League toggler already expanded
    Football League submenu expanded
    Upcoming click (JS-scoped): clicked
    Clicked 'Germany' via: text=Germany
  [Odds] Germany: 27 matches across 3 weeks: {'Week 7 - Germany': 9, 'Week 8 - Germany': 9, 'Week 9 - Germany': 9}
    Match result tab: clicked_mr
    Assigned 1X2 odds to 27 matches
    Over/Under tab: clicked_ou
    Assigned O/U odds to 27 matches (per-row)
  [Scraper] Saved 27 Germany odds
  [Odds] Navigating to Italy
    Football League toggler already expanded
    Football League submenu expanded
    Upcoming click (JS-scoped): clicked
    Clicked 'Italy' via: text=Italy
  [Odds] Italy: 30 matches across 3 weeks: {'Week 19 - Italy': 10, 'Week 20 - Italy': 10, 'Week 21 - Italy': 10}
    Match result tab: clicked_mr
    Assigned 1X2 odds to 30 matches
    Over/Under tab: clicked_ou
    Assigned O/U odds to 30 matches (per-row)
  [Scraper] Saved 30 Italy odds
  [Odds] Navigating to Spain
    Football League toggler already expanded
    Football League submenu expanded
    Upcoming click (JS-scoped): clicked
    Clicked 'Spain' via: text=Spain
  [Odds] Spain: 20 matches across 2 weeks: {'Week 21 - Spain': 10, 'Week 22 - Spain': 10}
    Match result tab: clicked_mr
    Assigned 1X2 odds to 20 matches
    Over/Under tab: clicked_ou
    Assigned O/U odds to 20 matches (per-row)
  [Scraper] Saved 20 Spain odds
  [Odds] Navigating to Turkey
    Football League toggler already expanded
    Football League submenu expanded
    Upcoming click (JS-scoped): clicked
    Clicked 'Turkey' via: text=Turkey
  [Odds] Turkey: 18 matches across 2 weeks: {'Week 33 - Turkey': 9, 'Week 34 - Turkey': 9}
    Match result tab: clicked_mr
    Assigned 1X2 odds to 18 matches
    Over/Under tab: clicked_ou
    Assigned O/U odds to 18 matches (per-row)
  [Scraper] Saved 18 Turkey odds
  [OddsPoll] Poll #7: got odds for 6 leagues
  [OddsPoll] England: GW changed 18 -> 19
  [OddsPoll] France: GW changed 19 -> 20
  [OddsPoll] Germany: GW changed 6 -> 7
  [OddsPoll] Italy: GW changed 18 -> 19
  [OddsPoll] Spain: GW changed 20 -> 21
  [OddsPoll] Turkey: GW changed 32 -> 33
  [OddsPoll] Predictions refreshed: 142 total
  [Odds] Navigating to England
    Football League toggler already expanded
    Football League submenu expanded
    Upcoming click (JS-scoped): clicked
    Clicked 'England' via: text=England
    DEBUG: page dump (3374 chars)
  [Odds] England: 20 matches across 2 weeks: {'Week 19 - England': 10, 'Week 20 - England': 10}
    Match result tab: clicked_mr
    Assigned 1X2 odds to 20 matches
    Over/Under tab: clicked_ou
    Assigned O/U odds to 20 matches (per-row)
  [Scraper] Saved 20 England odds
  [Odds] Navigating to France
    Football League toggler already expanded
    Football League submenu expanded
    Upcoming click (JS-scoped): clicked
    Clicked 'France' via: text=France
  [Odds] France: 18 matches across 2 weeks: {'Week 21 - France': 9, 'Week 22 - France': 9}
    Match result tab: clicked_mr
    Assigned 1X2 odds to 18 matches
    Over/Under tab: clicked_ou
    Assigned O/U odds to 18 matches (per-row)
  [Scraper] Saved 18 France odds
  [Odds] Navigating to Germany
    Football League toggler already expanded
    Football League submenu expanded
    Upcoming click (JS-scoped): clicked
    Clicked 'Germany' via: text=Germany
  [Odds] Germany: 18 matches across 2 weeks: {'Week 8 - Germany': 9, 'Week 9 - Germany': 9}
    Match result tab: clicked_mr
    Assigned 1X2 odds to 18 matches
    Over/Under tab: clicked_ou
    Assigned O/U odds to 18 matches (per-row)
  [Scraper] Saved 18 Germany odds
  [Odds] Navigating to Italy
    Football League toggler already expanded
    Football League submenu expanded
    Upcoming click (JS-scoped): clicked
    Clicked 'Italy' via: text=Italy
  [Odds] Italy: 20 matches across 2 weeks: {'Week 20 - Italy': 10, 'Week 21 - Italy': 10}
    Match result tab: clicked_mr
    Assigned 1X2 odds to 20 matches
    Over/Under tab: clicked_ou
    Assigned O/U odds to 20 matches (per-row)
  [Scraper] Saved 20 Italy odds
  [Odds] Navigating to Spain
    Football League toggler already expanded
    Football League submenu expanded
    Upcoming click (JS-scoped): clicked
    Clicked 'Spain' via: text=Spain
  [Odds] Spain: 20 matches across 2 weeks: {'Week 21 - Spain': 10, 'Week 22 - Spain': 10}
    Match result tab: clicked_mr
  [Scraper] Pruned 12 odds files older than 24h

  [Scraper] QUICK scrape at 2026-07-08 16:27:53.647200
  [Health] Reset thread event loop (recovering from killed browser)
  [Scraper] Quick scrape failed: It looks like you are using Playwright Sync API inside the asyncio loop.
Please use the Async API instead.
  [Scraper] Rebuilding models...
  [App] Loading football data...
    Assigned 1X2 odds to 20 matches
    Over/Under tab: clicked_ou
    Assigned O/U odds to 20 matches (per-row)
  [Scraper] Saved 20 Spain odds
  [Odds] Navigating to Turkey
    Football League toggler already expanded
    Football League submenu expanded
    Upcoming click (JS-scoped): clicked
    Clicked 'Turkey' via: text=Turkey
  [Odds] Turkey: 18 matches across 2 weeks: {'Week 33 - Turkey': 9, 'Week 34 - Turkey': 9}
    Match result tab: clicked_mr
  [Data] England: 22860 matches from seasons [1, 2, 3, 4]
    Assigned 1X2 odds to 18 matches
  [Data] France: 39437 matches from seasons [1, 2, 3, 4]
  [Data] Germany: 50373 matches from seasons [1, 2, 3, 4]
    Over/Under tab: clicked_ou
  [Data] Italy: 58670 matches from seasons [1, 2, 3, 4]
  [Data] Spain: 64260 matches from seasons [1, 2, 3, 4]
  [Data] Turkey: 51966 matches from seasons [1, 2, 3, 4]
  [App] Building Poisson models...
  [App] Evaluating accuracy & building improved models...
  [Accuracy] England: 3930 evaluated, 1X2=49.2%, O2.5=54.8%, BTTS=55.0%
    Assigned O/U odds to 18 matches (per-row)
  [Scraper] Saved 18 Turkey odds
  [OddsPoll] Poll #8: got odds for 6 leagues
  [Accuracy] France: 5891 evaluated, 1X2=46.9%, O2.5=52.5%, BTTS=52.2%
  [Accuracy] Germany: 6047 evaluated, 1X2=47.9%, O2.5=52.8%, BTTS=54.4%
  [OddsPoll] France: GW changed 20 -> 21
  [OddsPoll] Germany: GW changed 7 -> 8
  [OddsPoll] Italy: GW changed 19 -> 20
  [OddsPoll] Predictions refreshed: 114 total
  [Accuracy] Italy: 6590 evaluated, 1X2=48.9%, O2.5=52.4%, BTTS=51.5%
    ✓ Clicked 'Greyhound Racing' toggler via: a.toggler:has-text('Greyhound Racing')
    ⏳ Waiting for 'Greyhound Racing' submenu to expand...
    ✓ 'Greyhound Racing' submenu expanded
  [Accuracy] Spain: 6257 evaluated, 1X2=47.8%, O2.5=53.5%, BTTS=52.2%
  [Accuracy] Turkey: 5721 evaluated, 1X2=45.4%, O2.5=52.8%, BTTS=53.1%
  [App] Loading racing data...
  [Data] Greyhound Racing: 2264 races, venues: London, Santa Monica
  [Data] Horse Racing: 2129 races, venues: Dubai, Golden Gate Fields, Kentucky, Queen Mary, Royal Meadow, San Pablo
  [Data] Motorbike Racing: 1211 races, venues: Southern
  [Data] Speedway Racing: 893 races, venues: Bristol
  [App] Building racing models...
  [App] Models ready: 6 football leagues, 10 racing venues, 114 predictions, 114 improved predictions
  [Health] models_rebuild: ok 07-08 16:28:27  |  odds_scrape: ok 07-08 16:28:06  |  racing_results: ok 07-08 16:08:44  |  racing_upcoming: ok 07-08 16:25:44  |  results_scrape: ok 07-08 16:08:17  |  virtual_session: ok 07-08 16:07:25
  [RaceOdds] Greyhound Racing/Santa Monica: page did not load this venue, skipping
  [RaceOdds] Greyhound Racing/London: page did not load this venue, skipping
    ✓ Clicked 'Horse Racing' toggler via: a.toggler:has-text('Horse Racing')
    ⏳ Waiting for 'Horse Racing' submenu to expand...
    ✓ 'Horse Racing' submenu expanded
  [RaceOdds] Horse Racing/Royal Meadow: page did not load this venue, skipping
  [RaceOdds] Horse Racing/Queen Mary: page did not load this venue, skipping
  [RaceOdds] Horse Racing/Paris: 2 upcoming races
  [RaceOdds] Horse Racing/Kentucky: 1 upcoming races
  [RaceOdds] Horse Racing/San Pablo: 2 upcoming races
  [RaceOdds] Horse Racing/Dubai: 1 upcoming races
  [RaceOdds] Horse Racing/Palermo: 1 upcoming races
  [RaceOdds] Horse Racing/Melbourne: 1 upcoming races
  [RaceOdds] Horse Racing/Golden Gate Fields: 1 upcoming races
  [RaceOdds] Horse Racing/Gulfstream: 2 upcoming races
    ✓ Clicked 'Speedway Racing' toggler via: a.toggler:has-text('Speedway Racing')
    ⏳ Waiting for 'Speedway Racing' submenu to expand...
    ✓ 'Speedway Racing' submenu expanded
  [RaceOdds] Speedway Racing/Bristol: page did not load this venue, skipping
    ✓ Clicked 'Motorbike Racing' toggler via: a.toggler:has-text('Motorbike Racing')
    ⏳ Waiting for 'Motorbike Racing' submenu to expand...
    ✓ 'Motorbike Racing' submenu expanded
  [RaceOdds] Motorbike Racing/Southern: 2 upcoming races
  [RacePoll] 13 upcoming races across 9 venues
    ✓ Clicked 'Greyhound Racing' toggler via: a.toggler:has-text('Greyhound Racing')
    ⏳ Waiting for 'Greyhound Racing' submenu to expand...
    ✓ 'Greyhound Racing' submenu expanded
  [RaceOdds] Greyhound Racing/Santa Monica: page did not load this venue, skipping
  [RaceOdds] Greyhound Racing/London: page did not load this venue, skipping
    ✓ Clicked 'Horse Racing' toggler via: a.toggler:has-text('Horse Racing')
    ⏳ Waiting for 'Horse Racing' submenu to expand...
    ✓ 'Horse Racing' submenu expanded
  [RaceOdds] Horse Racing/Royal Meadow: page did not load this venue, skipping
  [RaceOdds] Horse Racing/Queen Mary: page did not load this venue, skipping
  [RaceOdds] Horse Racing/Paris: 1 upcoming races
  [RaceOdds] Horse Racing/Kentucky: 1 upcoming races
  [RaceOdds] Horse Racing/San Pablo: 1 upcoming races
  [RaceOdds] Horse Racing/Dubai: 1 upcoming races
  [RaceOdds] Horse Racing/Palermo: 1 upcoming races
  [RaceOdds] Horse Racing/Melbourne: 1 upcoming races
  [RaceOdds] Horse Racing/Golden Gate Fields: 1 upcoming races
  [RaceOdds] Horse Racing/Gulfstream: 1 upcoming races
    ✓ Clicked 'Speedway Racing' toggler via: a.toggler:has-text('Speedway Racing')
    ⏳ Waiting for 'Speedway Racing' submenu to expand...
    ✓ 'Speedway Racing' submenu expanded
  [RaceOdds] Speedway Racing/Bristol: page did not load this venue, skipping
    ✓ Clicked 'Motorbike Racing' toggler via: a.toggler:has-text('Motorbike Racing')
    ⏳ Waiting for 'Motorbike Racing' submenu to expand...
    ✓ 'Motorbike Racing' submenu expanded
  [RaceOdds] Motorbike Racing/Southern: 1 upcoming races
  [RacePoll] 9 upcoming races across 9 venues
  [Odds] Navigating to England
    Clicked 'Football League' via: a.toggler.gr-icon-league
    Football League submenu expanded
    Upcoming click (JS-scoped): clicked
    Clicked 'England' via: text=England
    DEBUG: page dump (962 chars)
  [Odds] DEBUG page text: SPORTS | English  | Decimal  | 00:31 | MENU |  Upcoming |  Football League | Upcoming |  England |  Italy |  Spain |  Germany |  France |  Turkey | Results History |  Tournaments |  Greyhound Racing |  Horse Racing |  Speedway Racing |  Motorbike Racing |   Upcoming Football League England | LOADING |    | There are no more scheduled events | Betslip | My Bets | Place bets by clicking on the respective odds | Login to place bets | Bet limits: | ₦10 - ₦1,000,000 | Max Payout: | ₦10,000,000 | *These values ​​are general for all games | ===SNAPSHOT=== | SPORTS | English  | Decimal  | 00:31 | MENU |  Upcoming |  Football League | Upcoming |  England |  Italy |  Spain |  Germany |  France |  Turkey | Results History |  Tournaments |  Greyhound Racing |  Horse Racing |  Speedway Racing |  Motorbike Racing |   Upcoming Football League England | LOADING |    | There are no more scheduled events | Betslip | My Bet
  [Odds] England: 0 matches across 0 weeks: {}
  [Odds] Navigating to France
    Football League toggler already expanded
    Football League submenu expanded
    Upcoming click (JS-scoped): clicked
    Clicked 'France' via: text=France
  [Odds] France: 9 matches across 1 weeks: {'Week 22 - France': 9}
    Match result tab: clicked_mr
    Assigned 1X2 odds to 9 matches
    Over/Under tab: clicked_ou
    Assigned O/U odds to 9 matches (per-row)
  [Scraper] Saved 9 France odds
  [Odds] Navigating to Germany
    Football League toggler already expanded
    Football League submenu expanded
    Upcoming click (JS-scoped): clicked
    Clicked 'Germany' via: text=Germany
  [Odds] Germany: 9 matches across 1 weeks: {'Week 9 - Germany': 9}
    Match result tab: clicked_mr
    Assigned 1X2 odds to 9 matches
    Over/Under tab: clicked_ou
    Assigned O/U odds to 9 matches (per-row)
  [Scraper] Saved 9 Germany odds
  [Odds] Navigating to Italy
    Football League toggler already expanded
    Football League submenu expanded
    Upcoming click (JS-scoped): clicked
    Clicked 'Italy' via: text=Italy
  [Odds] Italy: 10 matches across 1 weeks: {'Week 21 - Italy': 10}
    Match result tab: clicked_mr
    Assigned 1X2 odds to 10 matches
    Over/Under tab: clicked_ou
    Assigned O/U odds to 10 matches (per-row)
  [Scraper] Saved 10 Italy odds
  [Odds] Navigating to Spain
    Football League toggler already expanded
    Football League submenu expanded
    Upcoming click (JS-scoped): clicked
    Clicked 'Spain' via: text=Spain
  [Odds] Spain: 10 matches across 1 weeks: {'Week 22 - Spain': 10}
  [Scraper] Saved 10 Spain odds
  [Odds] Navigating to Turkey
    Football League toggler already expanded
    Football League submenu expanded
    Upcoming click (JS-scoped): clicked
    Clicked 'Turkey' via: text=Turkey
  [Odds] Turkey: 9 matches across 1 weeks: {'Week 34 - Turkey': 9}
  [Scraper] Saved 9 Turkey odds
  [OddsPoll] Poll #9: got odds for 5 leagues
  [OddsPoll] France: GW changed 21 -> 22
  [OddsPoll] Germany: GW changed 8 -> 9
  [OddsPoll] Italy: GW changed 20 -> 21
  [OddsPoll] Spain: GW changed 21 -> 22
  [OddsPoll] Turkey: GW changed 33 -> 34
  [OddsPoll] Predictions refreshed: 67 total
  [Odds] Navigating to England
    Football League toggler already expanded
    Football League submenu expanded
    Upcoming click (JS-scoped): clicked
    Clicked 'England' via: text=England
    DEBUG: page dump (962 chars)
  [Odds] DEBUG page text: SPORTS | English  | Decimal  | 00:32 | MENU |  Upcoming |  Football League | Upcoming |  England |  Italy |  Spain |  Germany |  France |  Turkey | Results History |  Tournaments |  Greyhound Racing |  Horse Racing |  Speedway Racing |  Motorbike Racing |   Upcoming Football League England | LOADING |    | There are no more scheduled events | Betslip | My Bets | Place bets by clicking on the respective odds | Login to place bets | Bet limits: | ₦10 - ₦1,000,000 | Max Payout: | ₦10,000,000 | *These values ​​are general for all games | ===SNAPSHOT=== | SPORTS | English  | Decimal  | 00:32 | MENU |  Upcoming |  Football League | Upcoming |  England |  Italy |  Spain |  Germany |  France |  Turkey | Results History |  Tournaments |  Greyhound Racing |  Horse Racing |  Speedway Racing |  Motorbike Racing |   Upcoming Football League England | LOADING |    | There are no more scheduled events | Betslip | My Bet
  [Odds] England: 0 matches across 0 weeks: {}
  [Odds] Navigating to France
    Football League toggler already expanded
    Football League submenu expanded
    Upcoming click (JS-scoped): clicked
    Clicked 'France' via: text=France
  [Odds] DEBUG page text: SPORTS | English  | Decimal  | 00:32 | MENU |  Upcoming |  Football League | Upcoming |  England |  Italy |  Spain |  Germany |  France |  Turkey | Results History |  Tournaments |  Greyhound Racing |  Horse Racing |  Speedway Racing |  Motorbike Racing |   Upcoming Football League France | LOADING |    | There are no more scheduled events | Betslip | My Bets | Place bets by clicking on the respective odds | Login to place bets | Bet limits: | ₦10 - ₦1,000,000 | Max Payout: | ₦10,000,000 | *These values ​​are general for all games | Error. Please try again. If the problem persists contact support. | ===SNAPSHOT=== | SPORTS | English  | Decimal  | 00:32 | MENU |  Upcoming |  Football League | Upcoming |  England |  Italy |  Spain |  Germany |  France |  Turkey | Results History |  Tournaments |  Greyhound Racing |  Horse Racing |  Speedway Racing |  Motorbike Racing |   Upcoming Football League Fra
  [Odds] France: 0 matches across 0 weeks: {}
  [Odds] Navigating to Germany
    Football League toggler already expanded
    Football League submenu expanded
    Upcoming click (JS-scoped): clicked
    Clicked 'Germany' via: text=Germany
  [Odds] Germany: 9 matches across 1 weeks: {'Week 9 - Germany': 9}
    Match result tab: clicked_mr
    Assigned 1X2 odds to 9 matches
    Over/Under tab: clicked_ou
    Assigned O/U odds to 9 matches (per-row)
  [Scraper] Saved 9 Germany odds
  [Odds] Navigating to Italy
    Football League toggler already expanded
    Football League submenu expanded
    Upcoming click (JS-scoped): clicked
    Clicked 'Italy' via: text=Italy
  [Odds] DEBUG page text: SPORTS | English  | Decimal  | 00:33 | MENU |  Upcoming |  Football League | Upcoming |  England |  Italy |  Spain |  Germany |  France |  Turkey | Results History |  Tournaments |  Greyhound Racing |  Horse Racing |  Speedway Racing |  Motorbike Racing |   Upcoming Football League Italy | LOADING |    | There are no more scheduled events | Betslip | My Bets | Place bets by clicking on the respective odds | Login to place bets | Bet limits: | ₦10 - ₦1,000,000 | Max Payout: | ₦10,000,000 | *These values ​​are general for all games | ===SNAPSHOT=== | SPORTS | English  | Decimal  | 00:33 | MENU |  Upcoming |  Football League | Upcoming |  England |  Italy |  Spain |  Germany |  France |  Turkey | Results History |  Tournaments |  Greyhound Racing |  Horse Racing |  Speedway Racing |  Motorbike Racing |   Upcoming Football League Italy | LOADING |    | There are no more scheduled events | Betslip | My Bets | Pl
  [Odds] Italy: 0 matches across 0 weeks: {}
  [Odds] Navigating to Spain
    Football League toggler already expanded
    Football League submenu expanded
    Upcoming click (JS-scoped): clicked
    Clicked 'Spain' via: text=Spain
  [Odds] DEBUG page text: SPORTS | English  | Decimal  | 00:33 | MENU |  Upcoming |  Football League | Upcoming |  England |  Italy |  Spain |  Germany |  France |  Turkey | Results History |  Tournaments |  Greyhound Racing |  Horse Racing |  Speedway Racing |  Motorbike Racing |   Upcoming Football League Spain | LOADING |    | There are no more scheduled events | Betslip | My Bets | Place bets by clicking on the respective odds | Login to place bets | Bet limits: | ₦10 - ₦1,000,000 | Max Payout: | ₦10,000,000 | *These values ​​are general for all games | ===SNAPSHOT=== | SPORTS | English  | Decimal  | 00:33 | MENU |  Upcoming |  Football League | Upcoming |  England |  Italy |  Spain |  Germany |  France |  Turkey | Results History |  Tournaments |  Greyhound Racing |  Horse Racing |  Speedway Racing |  Motorbike Racing |   Upcoming Football League Spain | LOADING |    | There are no more scheduled events | Betslip | My Bets | Pl
  [Odds] Spain: 0 matches across 0 weeks: {}
  [Odds] Navigating to Turkey
    Football League toggler already expanded
    Football League submenu expanded
    Upcoming click (JS-scoped): clicked
    Clicked 'Turkey' via: text=Turkey
  [Scraper] Pruned 12 odds files older than 24h

  [Scraper] QUICK scrape at 2026-07-08 16:33:27.255511
  [Health] Reset thread event loop (recovering from killed browser)
  [Scraper] Quick scrape failed: It looks like you are using Playwright Sync API inside the asyncio loop.
Please use the Async API instead.
  [Scraper] Rebuilding models...
  [App] Loading football data...
  [Data] England: 22860 matches from seasons [1, 2, 3, 4]
  [Data] France: 39437 matches from seasons [1, 2, 3, 4]
  [Data] Germany: 50373 matches from seasons [1, 2, 3, 4]
  [Data] Italy: 58670 matches from seasons [1, 2, 3, 4]
  [Data] Spain: 64260 matches from seasons [1, 2, 3, 4]
  [Data] Turkey: 51966 matches from seasons [1, 2, 3, 4]
  [App] Building Poisson models...
  [App] Evaluating accuracy & building improved models...
  [Odds] DEBUG page text: SPORTS | English  | Decimal  | 00:33 | MENU |  Upcoming |  Football League | Upcoming |  England |  Italy |  Spain |  Germany |  France |  Turkey | Results History |  Tournaments |  Greyhound Racing |  Horse Racing |  Speedway Racing |  Motorbike Racing |   Upcoming Football League Turkey | LOADING |    | There are no more scheduled events | Betslip | My Bets | Place bets by clicking on the respective odds | Login to place bets | Bet limits: | ₦10 - ₦1,000,000 | Max Payout: | ₦10,000,000 | *These values ​​are general for all games | ===SNAPSHOT=== | SPORTS | English  | Decimal  | 00:33 | MENU |  Upcoming |  Football League | Upcoming |  England |  Italy |  Spain |  Germany |  France |  Turkey | Results History |  Tournaments |  Greyhound Racing |  Horse Racing |  Speedway Racing |  Motorbike Racing |   Upcoming Football League Turkey | LOADING |    | There are no more scheduled events | Betslip | My Bets | 
  [Odds] Turkey: 0 matches across 0 weeks: {}
  [OddsPoll] Poll #10: got odds for 1 leagues
  [Accuracy] England: 3930 evaluated, 1X2=49.2%, O2.5=54.8%, BTTS=55.0%
  [Accuracy] France: 5891 evaluated, 1X2=46.9%, O2.5=52.5%, BTTS=52.2%
  [Accuracy] Germany: 6047 evaluated, 1X2=47.9%, O2.5=52.8%, BTTS=54.4%
    ✓ Clicked 'Greyhound Racing' toggler via: a.toggler:has-text('Greyhound Racing')
    ⏳ Waiting for 'Greyhound Racing' submenu to expand...
    ✓ 'Greyhound Racing' submenu expanded
  [Accuracy] Italy: 6590 evaluated, 1X2=48.9%, O2.5=52.4%, BTTS=51.5%
  [Accuracy] Spain: 6257 evaluated, 1X2=47.8%, O2.5=53.5%, BTTS=52.2%
  [Accuracy] Turkey: 5721 evaluated, 1X2=45.4%, O2.5=52.8%, BTTS=53.1%
  [App] Loading racing data...
  [Data] Greyhound Racing: 2264 races, venues: London, Santa Monica
  [Data] Horse Racing: 2129 races, venues: Dubai, Golden Gate Fields, Kentucky, Queen Mary, Royal Meadow, San Pablo
  [Data] Motorbike Racing: 1211 races, venues: Southern
  [Data] Speedway Racing: 893 races, venues: Bristol
  [App] Building racing models...
  [App] Models ready: 6 football leagues, 10 racing venues, 67 predictions, 67 improved predictions
  [Health] models_rebuild: ok 07-08 16:33:51  |  odds_scrape: ok 07-08 16:33:35  |  racing_results: ok 07-08 16:08:44  |  racing_upcoming: ok 07-08 16:31:07  |  results_scrape: ok 07-08 16:08:17  |  virtual_session: ok 07-08 16:07:25
  [RaceOdds] Greyhound Racing/Santa Monica: page did not load this venue, skipping
  [RaceOdds] Greyhound Racing/London: page did not load this venue, skipping
    ✓ Clicked 'Horse Racing' toggler via: a.toggler:has-text('Horse Racing')
    ⏳ Waiting for 'Horse Racing' submenu to expand...
    ✓ 'Horse Racing' submenu expanded
  [RaceOdds] Horse Racing/Royal Meadow: page did not load this venue, skipping
  [RaceOdds] Horse Racing/Queen Mary: page did not load this venue, skipping
  [RaceOdds] Horse Racing/Paris: page did not load this venue, skipping
  [RaceOdds] Horse Racing/Kentucky: page did not load this venue, skipping
  [RaceOdds] Horse Racing/San Pablo: page did not load this venue, skipping
  [RaceOdds] Horse Racing/Dubai: page did not load this venue, skipping
  [RaceOdds] Horse Racing/Palermo: page did not load this venue, skipping
  [RaceOdds] Horse Racing/Melbourne: page did not load this venue, skipping
  [RaceOdds] Horse Racing/Golden Gate Fields: page did not load this venue, skipping
  [RaceOdds] Horse Racing/Gulfstream: page did not load this venue, skipping
    ✓ Clicked 'Speedway Racing' toggler via: a.toggler:has-text('Speedway Racing')
    ⏳ Waiting for 'Speedway Racing' submenu to expand...
    ✓ 'Speedway Racing' submenu expanded
  [RaceOdds] Speedway Racing/Bristol: page did not load this venue, skipping
    ✓ Clicked 'Motorbike Racing' toggler via: a.toggler:has-text('Motorbike Racing')
    ⏳ Waiting for 'Motorbike Racing' submenu to expand...
    ✓ 'Motorbike Racing' submenu expanded
  [RaceOdds] Motorbike Racing/Southern: page did not load this venue, skipping
    ✓ Clicked 'Greyhound Racing' toggler via: a.toggler:has-text('Greyhound Racing')
    ⏳ Waiting for 'Greyhound Racing' submenu to expand...
    ✓ 'Greyhound Racing' submenu expanded
  [RaceOdds] Greyhound Racing/Santa Monica: page did not load this venue, skipping
  [RaceOdds] Greyhound Racing/London: page did not load this venue, skipping
    ✓ Clicked 'Horse Racing' toggler via: a.toggler:has-text('Horse Racing')
    ⏳ Waiting for 'Horse Racing' submenu to expand...
    ✓ 'Horse Racing' submenu expanded
  [RaceOdds] Horse Racing/Royal Meadow: page did not load this venue, skipping
  [RaceOdds] Horse Racing/Queen Mary: page did not load this venue, skipping
  [RaceOdds] Horse Racing/Paris: page did not load this venue, skipping
  [RaceOdds] Horse Racing/Kentucky: page did not load this venue, skipping
  [RaceOdds] Horse Racing/San Pablo: page did not load this venue, skipping
  [RaceOdds] Horse Racing/Dubai: page did not load this venue, skipping
  [RaceOdds] Horse Racing/Palermo: page did not load this venue, skipping
  [RaceOdds] Horse Racing/Melbourne: page did not load this venue, skipping
  [RaceOdds] Horse Racing/Golden Gate Fields: page did not load this venue, skipping
  [RaceOdds] Horse Racing/Gulfstream: page did not load this venue, skipping
    ✓ Clicked 'Speedway Racing' toggler via: a.toggler:has-text('Speedway Racing')
    ⏳ Waiting for 'Speedway Racing' submenu to expand...
    ✓ 'Speedway Racing' submenu expanded
  [RaceOdds] Speedway Racing/Bristol: page did not load this venue, skipping
    ✓ Clicked 'Motorbike Racing' toggler via: a.toggler:has-text('Motorbike Racing')
    ⏳ Waiting for 'Motorbike Racing' submenu to expand...
    ✓ 'Motorbike Racing' submenu expanded
  [RaceOdds] Motorbike Racing/Southern: page did not load this venue, skipping
  [Odds] Navigating to England
    Clicked 'Football League' via: a.toggler.gr-icon-league
    Football League submenu expanded
    Upcoming click (JS-scoped): clicked
    Clicked 'England' via: text=England
    DEBUG: page dump (962 chars)
  [Odds] DEBUG page text: SPORTS | English  | Decimal  | 00:37 | MENU |  Upcoming |  Football League | Upcoming |  England |  Italy |  Spain |  Germany |  France |  Turkey | Results History |  Tournaments |  Greyhound Racing |  Horse Racing |  Speedway Racing |  Motorbike Racing |   Upcoming Football League England | LOADING |    | There are no more scheduled events | Betslip | My Bets | Place bets by clicking on the respective odds | Login to place bets | Bet limits: | ₦10 - ₦1,000,000 | Max Payout: | ₦10,000,000 | *These values ​​are general for all games | ===SNAPSHOT=== | SPORTS | English  | Decimal  | 00:37 | MENU |  Upcoming |  Football League | Upcoming |  England |  Italy |  Spain |  Germany |  France |  Turkey | Results History |  Tournaments |  Greyhound Racing |  Horse Racing |  Speedway Racing |  Motorbike Racing |   Upcoming Football League England | LOADING |    | There are no more scheduled events | Betslip | My Bet
  [Odds] England: 0 matches across 0 weeks: {}
  [Odds] Navigating to France
    Football League toggler already expanded
    Football League submenu expanded
    Upcoming click (JS-scoped): clicked
    Clicked 'France' via: text=France
  [Odds] DEBUG page text: SPORTS | English  | Decimal  | 00:37 | MENU |  Upcoming |  Football League | Upcoming |  England |  Italy |  Spain |  Germany |  France |  Turkey | Results History |  Tournaments |  Greyhound Racing |  Horse Racing |  Speedway Racing |  Motorbike Racing |   Upcoming Football League France | LOADING |    | There are no more scheduled events | Betslip | My Bets | Place bets by clicking on the respective odds | Login to place bets | Bet limits: | ₦10 - ₦1,000,000 | Max Payout: | ₦10,000,000 | *These values ​​are general for all games | ===SNAPSHOT=== | SPORTS | English  | Decimal  | 00:37 | MENU |  Upcoming |  Football League | Upcoming |  England |  Italy |  Spain |  Germany |  France |  Turkey | Results History |  Tournaments |  Greyhound Racing |  Horse Racing |  Speedway Racing |  Motorbike Racing |   Upcoming Football League France | LOADING |    | There are no more scheduled events | Betslip | My Bets | 
  [Odds] France: 0 matches across 0 weeks: {}
  [Odds] Navigating to Germany
    Football League toggler already expanded
    Football League submenu expanded
    Upcoming click (JS-scoped): clicked
    Clicked 'Germany' via: text=Germany
  [Odds] DEBUG page text: SPORTS | English  | Decimal  | 00:38 | MENU |  Upcoming |  Football League | Upcoming |  England |  Italy |  Spain |  Germany |  France |  Turkey | Results History |  Tournaments |  Greyhound Racing |  Horse Racing |  Speedway Racing |  Motorbike Racing |   Upcoming Football League Germany | LOADING |    | There are no more scheduled events | Betslip | My Bets | Place bets by clicking on the respective odds | Login to place bets | Bet limits: | ₦10 - ₦1,000,000 | Max Payout: | ₦10,000,000 | *These values ​​are general for all games | ===SNAPSHOT=== | SPORTS | English  | Decimal  | 00:38 | MENU |  Upcoming |  Football League | Upcoming |  England |  Italy |  Spain |  Germany |  France |  Turkey | Results History |  Tournaments |  Greyhound Racing |  Horse Racing |  Speedway Racing |  Motorbike Racing |   Upcoming Football League Germany | LOADING |    | There are no more scheduled events | Betslip | My Bet
  [Odds] Germany: 0 matches across 0 weeks: {}
  [Odds] Navigating to Italy
    Football League toggler already expanded
    Football League submenu expanded
    Upcoming click (JS-scoped): clicked
    Clicked 'Italy' via: text=Italy
  [Odds] DEBUG page text: SPORTS | English  | Decimal  | 00:38 | MENU |  Upcoming |  Football League | Upcoming |  England |  Italy |  Spain |  Germany |  France |  Turkey | Results History |  Tournaments |  Greyhound Racing |  Horse Racing |  Speedway Racing |  Motorbike Racing |   Upcoming Football League Italy | LOADING |    | There are no more scheduled events | Betslip | My Bets | Place bets by clicking on the respective odds | Login to place bets | Bet limits: | ₦10 - ₦1,000,000 | Max Payout: | ₦10,000,000 | *These values ​​are general for all games | Error. Please try again. If the problem persists contact support. | ===SNAPSHOT=== | SPORTS | English  | Decimal  | 00:38 | MENU |  Upcoming |  Football League | Upcoming |  England |  Italy |  Spain |  Germany |  France |  Turkey | Results History |  Tournaments |  Greyhound Racing |  Horse Racing |  Speedway Racing |  Motorbike Racing |   Upcoming Football League Ital
  [Odds] Italy: 0 matches across 0 weeks: {}
  [Odds] Navigating to Spain
    Football League toggler already expanded
    Football League submenu expanded
    Upcoming click (JS-scoped): clicked
    Clicked 'Spain' via: text=Spain
  [Odds] DEBUG page text: SPORTS | English  | Decimal  | 00:38 | MENU |  Upcoming |  Football League | Upcoming |  England |  Italy |  Spain |  Germany |  France |  Turkey | Results History |  Tournaments |  Greyhound Racing |  Horse Racing |  Speedway Racing |  Motorbike Racing |   Upcoming Football League Spain | LOADING |    | There are no more scheduled events | Betslip | My Bets | Place bets by clicking on the respective odds | Login to place bets | Bet limits: | ₦10 - ₦1,000,000 | Max Payout: | ₦10,000,000 | *These values ​​are general for all games | ===SNAPSHOT=== | SPORTS | English  | Decimal  | 00:38 | MENU |  Upcoming |  Football League | Upcoming |  England |  Italy |  Spain |  Germany |  France |  Turkey | Results History |  Tournaments |  Greyhound Racing |  Horse Racing |  Speedway Racing |  Motorbike Racing |   Upcoming Football League Spain | LOADING |    | There are no more scheduled events | Betslip | My Bets | Pl
  [Odds] Spain: 0 matches across 0 weeks: {}
  [Odds] Navigating to Turkey
    Football League toggler already expanded
    Football League submenu expanded
    Upcoming click (JS-scoped): clicked
    Clicked 'Turkey' via: text=Turkey
  [Odds] DEBUG page text: SPORTS | English  | Decimal  | 00:38 | MENU |  Upcoming |  Football League | Upcoming |  England |  Italy |  Spain |  Germany |  France |  Turkey | Results History |  Tournaments |  Greyhound Racing |  Horse Racing |  Speedway Racing |  Motorbike Racing |   Upcoming Football League Turkey | LOADING |    | There are no more scheduled events | Betslip | My Bets | Place bets by clicking on the respective odds | Login to place bets | Bet limits: | ₦10 - ₦1,000,000 | Max Payout: | ₦10,000,000 | *These values ​​are general for all games | ===SNAPSHOT=== | SPORTS | English  | Decimal  | 00:38 | MENU |  Upcoming |  Football League | Upcoming |  England |  Italy |  Spain |  Germany |  France |  Turkey | Results History |  Tournaments |  Greyhound Racing |  Horse Racing |  Speedway Racing |  Motorbike Racing |   Upcoming Football League Turkey | LOADING |    | There are no more scheduled events | Betslip | My Bets | 
  [Odds] Turkey: 0 matches across 0 weeks: {}
  [OddsPoll] Poll #11: no odds scraped
  [Scraper] Pruned 18 odds files older than 24h

  [Scraper] QUICK scrape at 2026-07-08 16:38:51.747793
  [Health] Reset thread event loop (recovering from killed browser)
  [Scraper] Quick scrape failed: It looks like you are using Playwright Sync API inside the asyncio loop.
Please use the Async API instead.
  [Scraper] Rebuilding models...
  [App] Loading football data...
  [Data] England: 22860 matches from seasons [1, 2, 3, 4]
  [Data] France: 39437 matches from seasons [1, 2, 3, 4]
  [Data] Germany: 50373 matches from seasons [1, 2, 3, 4]
  [Data] Italy: 58670 matches from seasons [1, 2, 3, 4]
  [Data] Spain: 64260 matches from seasons [1, 2, 3, 4]
  [Data] Turkey: 51966 matches from seasons [1, 2, 3, 4]
  [App] Building Poisson models...
  [App] Evaluating accuracy & building improved models...
  [Accuracy] England: 3930 evaluated, 1X2=49.2%, O2.5=54.8%, BTTS=55.0%
  [Odds] Navigating to England
    Football League toggler already expanded
    Football League submenu expanded
    Upcoming click (JS-scoped): clicked
  [Accuracy] France: 5891 evaluated, 1X2=46.9%, O2.5=52.5%, BTTS=52.2%
    Clicked 'England' via: text=England
  [Accuracy] Germany: 6047 evaluated, 1X2=47.9%, O2.5=52.8%, BTTS=54.4%
  [Accuracy] Italy: 6590 evaluated, 1X2=48.9%, O2.5=52.4%, BTTS=51.5%
  [Accuracy] Spain: 6257 evaluated, 1X2=47.8%, O2.5=53.5%, BTTS=52.2%
  [Accuracy] Turkey: 5721 evaluated, 1X2=45.4%, O2.5=52.8%, BTTS=53.1%
  [App] Loading racing data...
  [Data] Greyhound Racing: 2264 races, venues: London, Santa Monica
  [Data] Horse Racing: 2129 races, venues: Dubai, Golden Gate Fields, Kentucky, Queen Mary, Royal Meadow, San Pablo
  [Data] Motorbike Racing: 1211 races, venues: Southern
  [Data] Speedway Racing: 893 races, venues: Bristol
  [App] Building racing models...
  [App] Models ready: 6 football leagues, 10 racing venues, 67 predictions, 67 improved predictions
  [Health] models_rebuild: ok 07-08 16:39:17  |  odds_scrape: !! 07-08 16:38:43  0 leagues scraped this sweep  |  racing_results: ok 07-08 16:08:44  |  racing_upcoming: !! 07-08 16:37:29  0 venues scraped this sweep  |  results_scrape: ok 07-08 16:08:17  |  virtual_session: ok 07-08 16:07:25
    DEBUG: page dump (1094 chars)
  [Odds] DEBUG page text: SPORTS | English  | Decimal  | 00:39 | MENU |  Upcoming |  Football League | Upcoming |  England |  Italy |  Spain |  Germany |  France |  Turkey | Results History |  Tournaments |  Greyhound Racing |  Horse Racing |  Speedway Racing |  Motorbike Racing |   Upcoming Football League England | LOADING |    | There are no more scheduled events | Betslip | My Bets | Place bets by clicking on the respective odds | Login to place bets | Bet limits: | ₦10 - ₦1,000,000 | Max Payout: | ₦10,000,000 | *These values ​​are general for all games | Error. Please try again. If the problem persists contact support. | ===SNAPSHOT=== | SPORTS | English  | Decimal  | 00:39 | MENU |  Upcoming |  Football League | Upcoming |  England |  Italy |  Spain |  Germany |  France |  Turkey | Results History |  Tournaments |  Greyhound Racing |  Horse Racing |  Speedway Racing |  Motorbike Racing |   Upcoming Football League En
  [Odds] England: 0 matches across 0 weeks: {}
  [Odds] Navigating to France
    Football League toggler already expanded
    Football League submenu expanded
    Upcoming click (JS-scoped): clicked
    Clicked 'France' via: text=France
  [Odds] DEBUG page text: SPORTS | English  | Decimal  | 00:39 | MENU |  Upcoming |  Football League | Upcoming |  England |  Italy |  Spain |  Germany |  France |  Turkey | Results History |  Tournaments |  Greyhound Racing |  Horse Racing |  Speedway Racing |  Motorbike Racing |   Upcoming Football League France | LOADING |    | There are no more scheduled events | Betslip | My Bets | Place bets by clicking on the respective odds | Login to place bets | Bet limits: | ₦10 - ₦1,000,000 | Max Payout: | ₦10,000,000 | *These values ​​are general for all games | ===SNAPSHOT=== | SPORTS | English  | Decimal  | 00:39 | MENU |  Upcoming |  Football League | Upcoming |  England |  Italy |  Spain |  Germany |  France |  Turkey | Results History |  Tournaments |  Greyhound Racing |  Horse Racing |  Speedway Racing |  Motorbike Racing |   Upcoming Football League France | LOADING |    | There are no more scheduled events | Betslip | My Bets | 
  [Odds] France: 0 matches across 0 weeks: {}
  [Odds] Navigating to Germany
    Football League toggler already expanded
    Football League submenu expanded
    Upcoming click (JS-scoped): clicked
    Clicked 'Germany' via: text=Germany
  [Odds] DEBUG page text: SPORTS | English  | Decimal  | 00:39 | MENU |  Upcoming |  Football League | Upcoming |  England |  Italy |  Spain |  Germany |  France |  Turkey | Results History |  Tournaments |  Greyhound Racing |  Horse Racing |  Speedway Racing |  Motorbike Racing |   Upcoming Football League Germany | LOADING |    | There are no more scheduled events | Betslip | My Bets | Place bets by clicking on the respective odds | Login to place bets | Bet limits: | ₦10 - ₦1,000,000 | Max Payout: | ₦10,000,000 | *These values ​​are general for all games | ===SNAPSHOT=== | SPORTS | English  | Decimal  | 00:39 | MENU |  Upcoming |  Football League | Upcoming |  England |  Italy |  Spain |  Germany |  France |  Turkey | Results History |  Tournaments |  Greyhound Racing |  Horse Racing |  Speedway Racing |  Motorbike Racing |   Upcoming Football League Germany | LOADING |    | There are no more scheduled events | Betslip | My Bet
  [Odds] Germany: 0 matches across 0 weeks: {}
  [Odds] Navigating to Italy
    Football League toggler already expanded
    Football League submenu expanded
    Upcoming click (JS-scoped): clicked
    Clicked 'Italy' via: text=Italy
  [Odds] DEBUG page text: SPORTS | English  | Decimal  | 00:39 | MENU |  Upcoming |  Football League | Upcoming |  England |  Italy |  Spain |  Germany |  France |  Turkey | Results History |  Tournaments |  Greyhound Racing |  Horse Racing |  Speedway Racing |  Motorbike Racing |   Upcoming Football League Italy | LOADING |    | There are no more scheduled events | Betslip | My Bets | Place bets by clicking on the respective odds | Login to place bets | Bet limits: | ₦10 - ₦1,000,000 | Max Payout: | ₦10,000,000 | *These values ​​are general for all games | ===SNAPSHOT=== | SPORTS | English  | Decimal  | 00:39 | MENU |  Upcoming |  Football League | Upcoming |  England |  Italy |  Spain |  Germany |  France |  Turkey | Results History |  Tournaments |  Greyhound Racing |  Horse Racing |  Speedway Racing |  Motorbike Racing |   Upcoming Football League Italy | LOADING |    | There are no more scheduled events | Betslip | My Bets | Pl
  [Odds] Italy: 0 matches across 0 weeks: {}
  [Odds] Navigating to Spain
    Football League toggler already expanded
    Football League submenu expanded
    Upcoming click (JS-scoped): clicked
    Clicked 'Spain' via: text=Spain
  [Odds] DEBUG page text: SPORTS | English  | Decimal  | 00:40 | MENU |  Upcoming |  Football League | Upcoming |  England |  Italy |  Spain |  Germany |  France |  Turkey | Results History |  Tournaments |  Greyhound Racing |  Horse Racing |  Speedway Racing |  Motorbike Racing |   Upcoming Football League Spain | LOADING |    | There are no more scheduled events | Betslip | My Bets | Place bets by clicking on the respective odds | Login to place bets | Bet limits: | ₦10 - ₦1,000,000 | Max Payout: | ₦10,000,000 | *These values ​​are general for all games | ===SNAPSHOT=== | SPORTS | English  | Decimal  | 00:40 | MENU |  Upcoming |  Football League | Upcoming |  England |  Italy |  Spain |  Germany |  France |  Turkey | Results History |  Tournaments |  Greyhound Racing |  Horse Racing |  Speedway Racing |  Motorbike Racing |   Upcoming Football League Spain | LOADING |    | There are no more scheduled events | Betslip | My Bets | Pl
  [Odds] Spain: 0 matches across 0 weeks: {}
  [Odds] Navigating to Turkey
    Football League toggler already expanded
    Football League submenu expanded
    Upcoming click (JS-scoped): clicked
    Clicked 'Turkey' via: text=Turkey
  [Odds] DEBUG page text: SPORTS | English  | Decimal  | 00:40 | MENU |  Upcoming |  Football League | Upcoming |  England |  Italy |  Spain |  Germany |  France |  Turkey | Results History |  Tournaments |  Greyhound Racing |  Horse Racing |  Speedway Racing |  Motorbike Racing |   Upcoming Football League Turkey | LOADING |    | There are no more scheduled events | Betslip | My Bets | Place bets by clicking on the respective odds | Login to place bets | Bet limits: | ₦10 - ₦1,000,000 | Max Payout: | ₦10,000,000 | *These values ​​are general for all games | ===SNAPSHOT=== | SPORTS | English  | Decimal  | 00:40 | MENU |  Upcoming |  Football League | Upcoming |  England |  Italy |  Spain |  Germany |  France |  Turkey | Results History |  Tournaments |  Greyhound Racing |  Horse Racing |  Speedway Racing |  Motorbike Racing |   Upcoming Football League Turkey | LOADING |    | There are no more scheduled events | Betslip | My Bets | 
  [Odds] Turkey: 0 matches across 0 weeks: {}
  [OddsPoll] Poll #12: no odds scraped
    ✓ Clicked 'Greyhound Racing' toggler via: a.toggler:has-text('Greyhound Racing')
    ⏳ Waiting for 'Greyhound Racing' submenu to expand...
    ✓ 'Greyhound Racing' submenu expanded
  [RaceOdds] Greyhound Racing/Santa Monica: page did not load this venue, skipping
  [RaceOdds] Greyhound Racing/London: page did not load this venue, skipping
    ✓ Clicked 'Horse Racing' toggler via: a.toggler:has-text('Horse Racing')
    ⏳ Waiting for 'Horse Racing' submenu to expand...
    ✓ 'Horse Racing' submenu expanded
  [RaceOdds] Horse Racing/Royal Meadow: page did not load this venue, skipping
  [RaceOdds] Horse Racing/Queen Mary: page did not load this venue, skipping
  [RaceOdds] Horse Racing/Paris: page did not load this venue, skipping
  [RaceOdds] Horse Racing/Kentucky: page did not load this venue, skipping
  [RaceOdds] Horse Racing/San Pablo: page did not load this venue, skipping
  [RaceOdds] Horse Racing/Dubai: page did not load this venue, skipping
  [RaceOdds] Horse Racing/Palermo: page did not load this venue, skipping
  [RaceOdds] Horse Racing/Melbourne: page did not load this venue, skipping
  [RaceOdds] Horse Racing/Golden Gate Fields: page did not load this venue, skipping
  [RaceOdds] Horse Racing/Gulfstream: page did not load this venue, skipping
    ✓ Clicked 'Speedway Racing' toggler via: a.toggler:has-text('Speedway Racing')
    ⏳ Waiting for 'Speedway Racing' submenu to expand...
    ✓ 'Speedway Racing' submenu expanded
  [RaceOdds] Speedway Racing/Bristol: page did not load this venue, skipping
    ✓ Clicked 'Motorbike Racing' toggler via: a.toggler:has-text('Motorbike Racing')
    ⏳ Waiting for 'Motorbike Racing' submenu to expand...
    ✓ 'Motorbike Racing' submenu expanded
  [RaceOdds] Motorbike Racing/Southern: page did not load this venue, skipping
  [OddsPoll] 2 empty polls — reloading virtual page
  ℹ All frames (1): https://www.sportybet.com/ng/virtual/
  ℹ iframe[src] in DOM: [{'src': 'https://virtual-games.virtustec.com/desktop-v4/default/?checkScroll=true&containerId=golden-race-desktop-app&profile=sportybet-dark&hwId=49690d2f-0517-46ff-bd66-6aedd9958826&showHeader=true', 'id': '', 'cls': ''}]
  ℹ iframe[src] in DOM: [{'src': 'https://virtual-games.virtustec.com/desktop-v4/default/?checkScroll=true&containerId=golden-race-desktop-app&profile=sportybet-dark&hwId=49690d2f-0517-46ff-bd66-6aedd9958826&showHeader=true', 'id': '', 'cls': ''}]
  ℹ All frames (2): https://www.sportybet.com/ng/virtual/ | https://virtual-games.virtustec.com/desktop-v4/default/?checkScroll=tr
  ✓ Found virtual frame: https://virtual-games.virtustec.com/desktop-v4/default/?checkScroll=true&containerId=golden-race-des
    ✓ Clicked 'Greyhound Racing' toggler via: a.toggler:has-text('Greyhound Racing')
    ⏳ Waiting for 'Greyhound Racing' submenu to expand...
    ✓ 'Greyhound Racing' submenu expanded
  [RaceOdds] Greyhound Racing/Santa Monica: 6 upcoming races
  [RaceOdds] Greyhound Racing/London: 6 upcoming races
    ✓ Clicked 'Horse Racing' toggler via: a.toggler:has-text('Horse Racing')
    ⏳ Waiting for 'Horse Racing' submenu to expand...
    ✓ 'Horse Racing' submenu expanded
  [RaceOdds] Horse Racing/Royal Meadow: 6 upcoming races
  [RaceOdds] Horse Racing/Queen Mary: 6 upcoming races
  [RaceOdds] Horse Racing/Paris: 6 upcoming races
  [RaceOdds] Horse Racing/Kentucky: 6 upcoming races
  [RaceOdds] Horse Racing/San Pablo: 6 upcoming races
  [RaceOdds] Horse Racing/Dubai: 6 upcoming races
  [RaceOdds] Horse Racing/Palermo: 6 upcoming races
  [RaceOdds] Horse Racing/Melbourne: 6 upcoming races
  [RaceOdds] Horse Racing/Golden Gate Fields: 6 upcoming races
  [RaceOdds] Horse Racing/Gulfstream: 6 upcoming races
    ✓ Clicked 'Speedway Racing' toggler via: a.toggler:has-text('Speedway Racing')
    ⏳ Waiting for 'Speedway Racing' submenu to expand...
    ✓ 'Speedway Racing' submenu expanded
  [RaceOdds] Speedway Racing/Bristol: 6 upcoming races
    ✓ Clicked 'Motorbike Racing' toggler via: a.toggler:has-text('Motorbike Racing')
    ⏳ Waiting for 'Motorbike Racing' submenu to expand...
    ✓ 'Motorbike Racing' submenu expanded
  [RaceOdds] Motorbike Racing/Southern: 6 upcoming races
  [RacePoll] 84 upcoming races across 14 venues
  [Odds] Navigating to England
    Clicked 'Football League' via: a.toggler.gr-icon-league
    Football League submenu expanded
    Upcoming click (JS-scoped): clicked
    Clicked 'England' via: text=England
    DEBUG: page dump (6886 chars)
  [Odds] England: 60 matches across 6 weeks: {'Week 25 - England': 10, 'Week 26 - England': 10, 'Week 27 - England': 10, 'Week 28 - England': 10, 'Week 29 - England': 10, 'Week 30 - England': 10}
    Match result tab: clicked_mr
    Found 178 odds numbers but need 180
    Over/Under tab: clicked_ou
    Assigned O/U odds to 60 matches (per-row)
  [Scraper] Saved 60 England odds
  [Odds] Navigating to France
    Football League toggler already expanded
    Football League submenu expanded
    Upcoming click (JS-scoped): clicked
    Clicked 'France' via: text=France
  [Odds] France: 63 matches across 7 weeks: {'Week 26 - France': 9, 'Week 27 - France': 9, 'Week 28 - France': 9, 'Week 29 - France': 9, 'Week 30 - France': 9, 'Week 31 - France': 9, 'Week 32 - France': 9}
    Match result tab: clicked_mr
    Found 162 odds numbers but need 189
    Over/Under tab: clicked_ou
    Assigned O/U odds to 54 matches (per-row)
  [Scraper] Saved 63 France odds
  [Odds] Navigating to Germany
    Football League toggler already expanded
    Football League submenu expanded
    Upcoming click (JS-scoped): clicked
    Clicked 'Germany' via: text=Germany
  [Odds] Germany: 54 matches across 6 weeks: {'Week 13 - Germany': 9, 'Week 14 - Germany': 9, 'Week 15 - Germany': 9, 'Week 16 - Germany': 9, 'Week 17 - Germany': 9, 'Week 18 - Germany': 9}
    Match result tab: clicked_mr
    Assigned 1X2 odds to 54 matches
    Over/Under tab: clicked_ou
  [Scraper] Pruned 12 odds files older than 24h

  [Scraper] QUICK scrape at 2026-07-08 16:44:17.462391
  [Health] Reset thread event loop (recovering from killed browser)
  [Scraper] Quick scrape failed: It looks like you are using Playwright Sync API inside the asyncio loop.
Please use the Async API instead.
  [Scraper] Rebuilding models...
  [App] Loading football data...
    Assigned O/U odds to 54 matches (per-row)
  [Scraper] Saved 54 Germany odds
  [Odds] Navigating to Italy
    Football League toggler already expanded
    Football League submenu expanded
    Upcoming click (JS-scoped): clicked
    Clicked 'Italy' via: text=Italy
  [Data] England: 22860 matches from seasons [1, 2, 3, 4]
  [Data] France: 39437 matches from seasons [1, 2, 3, 4]
  [Data] Germany: 50373 matches from seasons [1, 2, 3, 4]
  [Data] Italy: 58670 matches from seasons [1, 2, 3, 4]
  [Data] Spain: 64260 matches from seasons [1, 2, 3, 4]
  [Data] Turkey: 51966 matches from seasons [1, 2, 3, 4]
  [App] Building Poisson models...
  [Odds] Italy: 60 matches across 6 weeks: {'Week 25 - Italy': 10, 'Week 26 - Italy': 10, 'Week 27 - Italy': 10, 'Week 28 - Italy': 10, 'Week 29 - Italy': 10, 'Week 30 - Italy': 10}
    Match result tab: clicked_mr
    Found 179 odds numbers but need 180
    Over/Under tab: clicked_ou
  [App] Evaluating accuracy & building improved models...
  [Accuracy] England: 3930 evaluated, 1X2=49.2%, O2.5=54.8%, BTTS=55.0%
    Assigned O/U odds to 60 matches (per-row)
  [Scraper] Saved 60 Italy odds
  [Accuracy] France: 5891 evaluated, 1X2=46.9%, O2.5=52.5%, BTTS=52.2%
  [Odds] Navigating to Spain
    Football League toggler already expanded
    Football League submenu expanded
    Upcoming click (JS-scoped): clicked
  [Accuracy] Germany: 6047 evaluated, 1X2=47.9%, O2.5=52.8%, BTTS=54.4%
    Clicked 'Spain' via: text=Spain
  [Accuracy] Italy: 6590 evaluated, 1X2=48.9%, O2.5=52.4%, BTTS=51.5%
  [Odds] Spain: 60 matches across 6 weeks: {'Week 27 - Spain': 10, 'Week 28 - Spain': 10, 'Week 29 - Spain': 10, 'Week 30 - Spain': 10, 'Week 31 - Spain': 10, 'Week 32 - Spain': 10}
    Match result tab: clicked_mr
  [Accuracy] Spain: 6257 evaluated, 1X2=47.8%, O2.5=53.5%, BTTS=52.2%
    Assigned 1X2 odds to 60 matches
    Over/Under tab: clicked_ou
  [Accuracy] Turkey: 5721 evaluated, 1X2=45.4%, O2.5=52.8%, BTTS=53.1%
  [App] Loading racing data...
  [Data] Greyhound Racing: 2264 races, venues: London, Santa Monica
  [Data] Horse Racing: 2129 races, venues: Dubai, Golden Gate Fields, Kentucky, Queen Mary, Royal Meadow, San Pablo
  [Data] Motorbike Racing: 1211 races, venues: Southern
  [Data] Speedway Racing: 893 races, venues: Bristol
  [App] Building racing models...
  [App] Models ready: 6 football leagues, 10 racing venues, 206 predictions, 206 improved predictions
  [Health] models_rebuild: ok 07-08 16:44:42  |  odds_scrape: !! 07-08 16:40:21  0 leagues scraped this sweep  |  racing_results: ok 07-08 16:08:44  |  racing_upcoming: ok 07-08 16:43:48  |  results_scrape: ok 07-08 16:08:17  |  virtual_session: ok 07-08 16:07:25
    Assigned O/U odds to 60 matches (per-row)
  [Scraper] Saved 60 Spain odds
  [Odds] Navigating to Turkey
    Football League toggler already expanded
    Football League submenu expanded
    Upcoming click (JS-scoped): clicked
    Clicked 'Turkey' via: text=Turkey
  [Odds] Turkey: 54 matches across 6 weeks: {'Week 5 - Turkey': 9, 'Week 6 - Turkey': 9, 'Week 7 - Turkey': 9, 'Week 8 - Turkey': 9, 'Week 9 - Turkey': 9, 'Week 10 - Turkey': 9}
    Match result tab: clicked_mr
    Assigned 1X2 odds to 54 matches
    Over/Under tab: clicked_ou
    Assigned O/U odds to 54 matches (per-row)
  [Scraper] Saved 54 Turkey odds
  [OddsPoll] Poll #13: got odds for 6 leagues
  [OddsPoll] Italy: GW changed 21 -> 25
  [OddsPoll] Spain: GW changed 22 -> 27
  [OddsPoll] Turkey: GW changed 34 -> 5
  [OddsPoll] Predictions refreshed: 351 total
  [Odds] Navigating to England
    Football League toggler already expanded
    Football League submenu expanded
    Upcoming click (JS-scoped): clicked
    Clicked 'England' via: text=England
    DEBUG: page dump (6886 chars)
  [Odds] England: 60 matches across 6 weeks: {'Week 25 - England': 10, 'Week 26 - England': 10, 'Week 27 - England': 10, 'Week 28 - England': 10, 'Week 29 - England': 10, 'Week 30 - England': 10}
    Match result tab: clicked_mr
    Found 178 odds numbers but need 180
    Over/Under tab: clicked_ou
    Assigned O/U odds to 60 matches (per-row)
  [Scraper] Saved 60 England odds
  [Odds] Navigating to France
    Football League toggler already expanded
    Football League submenu expanded
    Upcoming click (JS-scoped): clicked
    Clicked 'France' via: text=France
  [Odds] France: 54 matches across 6 weeks: {'Week 27 - France': 9, 'Week 28 - France': 9, 'Week 29 - France': 9, 'Week 30 - France': 9, 'Week 31 - France': 9, 'Week 32 - France': 9}
    Match result tab: clicked_mr
    Assigned 1X2 odds to 54 matches
    Over/Under tab: clicked_ou
    Assigned O/U odds to 54 matches (per-row)
  [Scraper] Saved 54 France odds
  [Odds] Navigating to Germany
    Football League toggler already expanded
    Football League submenu expanded
    Upcoming click (JS-scoped): clicked
    Clicked 'Germany' via: text=Germany
  [Odds] Germany: 54 matches across 6 weeks: {'Week 14 - Germany': 9, 'Week 15 - Germany': 9, 'Week 16 - Germany': 9, 'Week 17 - Germany': 9, 'Week 18 - Germany': 9, 'Week 19 - Germany': 9}
    Match result tab: clicked_mr
    Assigned 1X2 odds to 54 matches
    Over/Under tab: clicked_ou
    Assigned O/U odds to 54 matches (per-row)
  [Scraper] Saved 54 Germany odds
  [Odds] Navigating to Italy
    Football League toggler already expanded
    Football League submenu expanded
    Upcoming click (JS-scoped): clicked
    Clicked 'Italy' via: text=Italy
  [Odds] Italy: 60 matches across 6 weeks: {'Week 26 - Italy': 10, 'Week 27 - Italy': 10, 'Week 28 - Italy': 10, 'Week 29 - Italy': 10, 'Week 30 - Italy': 10, 'Week 31 - Italy': 10}
    Match result tab: clicked_mr
    Found 179 odds numbers but need 180
    Over/Under tab: clicked_ou
    Assigned O/U odds to 60 matches (per-row)
  [Scraper] Saved 60 Italy odds
  [Odds] Navigating to Spain
    Football League toggler already expanded
    Football League submenu expanded
    Upcoming click (JS-scoped): clicked
    Clicked 'Spain' via: text=Spain
  [Odds] Spain: 60 matches across 6 weeks: {'Week 27 - Spain': 10, 'Week 28 - Spain': 10, 'Week 29 - Spain': 10, 'Week 30 - Spain': 10, 'Week 31 - Spain': 10, 'Week 32 - Spain': 10}
    Match result tab: clicked_mr
    Assigned 1X2 odds to 60 matches
    Over/Under tab: clicked_ou
    Assigned O/U odds to 60 matches (per-row)
  [Scraper] Saved 60 Spain odds
  [Odds] Navigating to Turkey
    Football League toggler already expanded
    Football League submenu expanded
    Upcoming click (JS-scoped): clicked
    Clicked 'Turkey' via: text=Turkey
  [Odds] Turkey: 54 matches across 6 weeks: {'Week 5 - Turkey': 9, 'Week 6 - Turkey': 9, 'Week 7 - Turkey': 9, 'Week 8 - Turkey': 9, 'Week 9 - Turkey': 9, 'Week 10 - Turkey': 9}
    Match result tab: clicked_mr
    Assigned 1X2 odds to 54 matches
    Over/Under tab: clicked_ou
    Assigned O/U odds to 54 matches (per-row)
  [Scraper] Saved 54 Turkey odds
  [OddsPoll] Poll #14: got odds for 6 leagues
  [OddsPoll] France: GW changed 26 -> 27
  [OddsPoll] Germany: GW changed 13 -> 14
  [OddsPoll] Italy: GW changed 25 -> 26
  [OddsPoll] Predictions refreshed: 342 total
    ✓ Clicked 'Greyhound Racing' toggler via: a.toggler:has-text('Greyhound Racing')
    ⏳ Waiting for 'Greyhound Racing' submenu to expand...
    ✓ 'Greyhound Racing' submenu expanded
  [RaceOdds] Greyhound Racing/Santa Monica: 6 upcoming races
  [RaceOdds] Greyhound Racing/London: 6 upcoming races
    ✓ Clicked 'Horse Racing' toggler via: a.toggler:has-text('Horse Racing')
    ⏳ Waiting for 'Horse Racing' submenu to expand...
    ✓ 'Horse Racing' submenu expanded
  [RaceOdds] Horse Racing/Royal Meadow: 6 upcoming races
  [RaceOdds] Horse Racing/Queen Mary: 6 upcoming races
  [RaceOdds] Horse Racing/Paris: 6 upcoming races
  [RaceOdds] Horse Racing/Kentucky: 6 upcoming races
  [RaceOdds] Horse Racing/San Pablo: 6 upcoming races
  [RaceOdds] Horse Racing/Dubai: 6 upcoming races
  [RaceOdds] Horse Racing/Palermo: 6 upcoming races
  [RaceOdds] Horse Racing/Melbourne: 6 upcoming races
  [RaceOdds] Horse Racing/Golden Gate Fields: 6 upcoming races
  [RaceOdds] Horse Racing/Gulfstream: 6 upcoming races
    ✓ Clicked 'Speedway Racing' toggler via: a.toggler:has-text('Speedway Racing')
    ⏳ Waiting for 'Speedway Racing' submenu to expand...
    ✓ 'Speedway Racing' submenu expanded
  [RaceOdds] Speedway Racing/Bristol: 6 upcoming races
    ✓ Clicked 'Motorbike Racing' toggler via: a.toggler:has-text('Motorbike Racing')
    ⏳ Waiting for 'Motorbike Racing' submenu to expand...
    ✓ 'Motorbike Racing' submenu expanded
  [RaceOdds] Motorbike Racing/Southern: 6 upcoming races
  [RacePoll] 84 upcoming races across 14 venues
    ✓ Clicked 'Greyhound Racing' toggler via: a.toggler:has-text('Greyhound Racing')
    ⏳ Waiting for 'Greyhound Racing' submenu to expand...
    ✓ 'Greyhound Racing' submenu expanded
  [RaceOdds] Greyhound Racing/Santa Monica: 6 upcoming races
  [RaceOdds] Greyhound Racing/London: 6 upcoming races
    ✓ Clicked 'Horse Racing' toggler via: a.toggler:has-text('Horse Racing')
    ⏳ Waiting for 'Horse Racing' submenu to expand...
    ✓ 'Horse Racing' submenu expanded
  [RaceOdds] Horse Racing/Royal Meadow: 6 upcoming races
  [RaceOdds] Horse Racing/Queen Mary: 6 upcoming races
  [RaceOdds] Horse Racing/Paris: 6 upcoming races
  [RaceOdds] Horse Racing/Kentucky: 6 upcoming races
  [RaceOdds] Horse Racing/San Pablo: 6 upcoming races
  [RaceOdds] Horse Racing/Dubai: 6 upcoming races
  [RaceOdds] Horse Racing/Palermo: 6 upcoming races
  [RaceOdds] Horse Racing/Melbourne: 6 upcoming races
  [RaceOdds] Horse Racing/Golden Gate Fields: 6 upcoming races
  [RaceOdds] Horse Racing/Gulfstream: 6 upcoming races
    ✓ Clicked 'Speedway Racing' toggler via: a.toggler:has-text('Speedway Racing')
    ⏳ Waiting for 'Speedway Racing' submenu to expand...
    ✓ 'Speedway Racing' submenu expanded
  [RaceOdds] Speedway Racing/Bristol: 6 upcoming races
    ✓ Clicked 'Motorbike Racing' toggler via: a.toggler:has-text('Motorbike Racing')
    ⏳ Waiting for 'Motorbike Racing' submenu to expand...
    ✓ 'Motorbike Racing' submenu expanded
  [RaceOdds] Motorbike Racing/Southern: 6 upcoming races
  [RacePoll] 84 upcoming races across 14 venues
  [Odds] Navigating to England
    Clicked 'Football League' via: a.toggler.gr-icon-league
    Football League submenu expanded
    Upcoming click (JS-scoped): clicked
    Clicked 'England' via: text=England
    DEBUG: page dump (6886 chars)
  [Odds] England: 60 matches across 6 weeks: {'Week 26 - England': 10, 'Week 27 - England': 10, 'Week 28 - England': 10, 'Week 29 - England': 10, 'Week 30 - England': 10, 'Week 31 - England': 10}
    Match result tab: clicked_mr
    Found 179 odds numbers but need 180
    Over/Under tab: clicked_ou
    Assigned O/U odds to 60 matches (per-row)
  [Scraper] Saved 60 England odds
  [Odds] Navigating to France
    Football League toggler already expanded
    Football League submenu expanded
    Upcoming click (JS-scoped): clicked
    Clicked 'France' via: text=France
  [Odds] France: 54 matches across 6 weeks: {'Week 28 - France': 9, 'Week 29 - France': 9, 'Week 30 - France': 9, 'Week 31 - France': 9, 'Week 32 - France': 9, 'Week 33 - France': 9}
    Match result tab: clicked_mr
    Assigned 1X2 odds to 54 matches
    Over/Under tab: clicked_ou
    Assigned O/U odds to 54 matches (per-row)
  [Scraper] Saved 54 France odds
  [Odds] Navigating to Germany
    Football League toggler already expanded
    Football League submenu expanded
    Upcoming click (JS-scoped): clicked
    Clicked 'Germany' via: text=Germany
  [Odds] Germany: 54 matches across 6 weeks: {'Week 15 - Germany': 9, 'Week 16 - Germany': 9, 'Week 17 - Germany': 9, 'Week 18 - Germany': 9, 'Week 19 - Germany': 9, 'Week 20 - Germany': 9}
    Match result tab: clicked_mr
    Assigned 1X2 odds to 54 matches
    Over/Under tab: clicked_ou
    Assigned O/U odds to 54 matches (per-row)
  [Scraper] Saved 54 Germany odds
  [Odds] Navigating to Italy
    Football League toggler already expanded
    Football League submenu expanded
    Upcoming click (JS-scoped): clicked
    Clicked 'Italy' via: text=Italy
  [Odds] Italy: 60 matches across 6 weeks: {'Week 27 - Italy': 10, 'Week 28 - Italy': 10, 'Week 29 - Italy': 10, 'Week 30 - Italy': 10, 'Week 31 - Italy': 10, 'Week 32 - Italy': 10}
    Match result tab: clicked_mr
    Assigned 1X2 odds to 60 matches
    Over/Under tab: clicked_ou
    Assigned O/U odds to 60 matches (per-row)
  [Scraper] Saved 60 Italy odds
  [Odds] Navigating to Spain
    Football League toggler already expanded
    Football League submenu expanded
    Upcoming click (JS-scoped): clicked
    Clicked 'Spain' via: text=Spain
  [Odds] Spain: 60 matches across 6 weeks: {'Week 28 - Spain': 10, 'Week 29 - Spain': 10, 'Week 30 - Spain': 10, 'Week 31 - Spain': 10, 'Week 32 - Spain': 10, 'Week 33 - Spain': 10}
    Match result tab: clicked_mr
    Assigned 1X2 odds to 60 matches
    Over/Under tab: clicked_ou
    Assigned O/U odds to 60 matches (per-row)
  [Scraper] Saved 60 Spain odds
  [Odds] Navigating to Turkey
    Football League toggler already expanded
    Football League submenu expanded
    Upcoming click (JS-scoped): clicked
  [Scraper] Pruned 1582 odds files older than 24h

  [Scraper] QUICK scrape at 2026-07-09 03:02:52.330238
  [Health] Reset thread event loop (recovering from killed browser)
  [Scraper] Quick scrape failed: It looks like you are using Playwright Sync API inside the asyncio loop.
Please use the Async API instead.
  [Scraper] Rebuilding models...
  [App] Loading football data...
    Clicked 'Turkey' via: a:has-text('Turkey')
  [Odds] DEBUG page text: SPORTS | English  | Decimal  | 11:03 | MENU |  Upcoming |  Football League | Upcoming |  England |  Italy |  Spain |  Germany |  France |  Turkey | Results History |  Tournaments |  Greyhound Racing |  Horse Racing |  Speedway Racing |  Motorbike Racing |   Upcoming Football League Turkey | LOADING |    | There are no more scheduled events | Betslip | My Bets | Place bets by clicking on the respective odds | Login to place bets | Bet limits: | ₦10 - ₦1,000,000 | Max Payout: | ₦10,000,000 | *These values ​​are general for all games | ===SNAPSHOT=== | SPORTS | English  | Decimal  | 11:03 | MENU |  Upcoming |  Football League | Upcoming |  England |  Italy |  Spain |  Germany |  France |  Turkey | Results History |  Tournaments |  Greyhound Racing |  Horse Racing |  Speedway Racing |  Motorbike Racing |   Upcoming Football League Turkey | LOADING |    | There are no more scheduled events | Betslip | My Bets | 
  [Odds] Turkey: 0 matches across 0 weeks: {}
  [OddsPoll] Poll #15: got odds for 5 leagues
  [OddsPoll] England: GW changed 25 -> 26
  [OddsPoll] France: GW changed 27 -> 28
  [OddsPoll] Germany: GW changed 14 -> 15
  [OddsPoll] Italy: GW changed 26 -> 27
  [OddsPoll] Spain: GW changed 27 -> 28
  [OddsPoll] Predictions refreshed: 342 total
  [Data] England: 22860 matches from seasons [1, 2, 3, 4]
  [Data] France: 39437 matches from seasons [1, 2, 3, 4]
  [Data] Germany: 50373 matches from seasons [1, 2, 3, 4]
  [Data] Italy: 58670 matches from seasons [1, 2, 3, 4]
  [Data] Spain: 64260 matches from seasons [1, 2, 3, 4]
  [Data] Turkey: 51966 matches from seasons [1, 2, 3, 4]
  [App] Building Poisson models...
  [App] Evaluating accuracy & building improved models...
  [Accuracy] England: 3930 evaluated, 1X2=49.2%, O2.5=54.8%, BTTS=55.0%
  [Watchdog] poller made no progress for 613.7 min — killing its browser (driver pid 53564) to force recovery
  [Accuracy] France: 5891 evaluated, 1X2=46.9%, O2.5=52.5%, BTTS=52.2%
  [Accuracy] Germany: 6047 evaluated, 1X2=47.9%, O2.5=52.8%, BTTS=54.4%
  [Accuracy] Italy: 6590 evaluated, 1X2=48.9%, O2.5=52.4%, BTTS=51.5%
  [Accuracy] Spain: 6257 evaluated, 1X2=47.8%, O2.5=53.5%, BTTS=52.2%
  [Accuracy] Turkey: 5721 evaluated, 1X2=45.4%, O2.5=52.8%, BTTS=53.1%
  [App] Loading racing data...
  [OddsPoll] Browser connection lost after 16 polls, reconnecting...
  [Data] Greyhound Racing: 2264 races, venues: London, Santa Monica
  [Data] Horse Racing: 2129 races, venues: Dubai, Golden Gate Fields, Kentucky, Queen Mary, Royal Meadow, San Pablo
  [Data] Motorbike Racing: 1211 races, venues: Southern
  [Data] Speedway Racing: 893 races, venues: Bristol
  [App] Building racing models...
  [App] Models ready: 6 football leagues, 10 racing venues, 342 predictions, 342 improved predictions
  [Health] models_rebuild: ok 07-09 03:03:27  |  odds_scrape: ok 07-09 03:03:04  |  racing_results: ok 07-08 16:08:44  |  racing_upcoming: ok 07-08 16:48:39  |  results_scrape: ok 07-08 16:08:17  |  virtual_session: ok 07-08 16:07:25
  [Health] Reset thread event loop (recovering from killed browser)
  [OddsPoll] Failed: It looks like you are using Playwright Sync API inside the asyncio loop.
Please use the Async API instead.
  [Health] Reset thread event loop (recovering from killed browser)
  [OddsPoll] Failed: It looks like you are using Playwright Sync API inside the asyncio loop.
Please use the Async API instead.
  [Health] Reset thread event loop (recovering from killed browser)
  [OddsPoll] Failed: It looks like you are using Playwright Sync API inside the asyncio loop.
Please use the Async API instead.
  [Health] Reset thread event loop (recovering from killed browser)
  [OddsPoll] Failed: It looks like you are using Playwright Sync API inside the asyncio loop.
Please use the Async API instead.
  [Health] Reset thread event loop (recovering from killed browser)
  [OddsPoll] Failed: It looks like you are using Playwright Sync API inside the asyncio loop.
Please use the Async API instead.
  [Health] Reset thread event loop (recovering from killed browser)
  [OddsPoll] Failed: It looks like you are using Playwright Sync API inside the asyncio loop.
Please use the Async API instead.
  [Health] Reset thread event loop (recovering from killed browser)
  [OddsPoll] Failed: It looks like you are using Playwright Sync API inside the asyncio loop.
Please use the Async API instead.
  [Health] Reset thread event loop (recovering from killed browser)
  [OddsPoll] Failed: It looks like you are using Playwright Sync API inside the asyncio loop.
Please use the Async API instead.
  [Health] Reset thread event loop (recovering from killed browser)
  [OddsPoll] Failed: It looks like you are using Playwright Sync API inside the asyncio loop.
Please use the Async API instead.
  [Health] Reset thread event loop (recovering from killed browser)
  [OddsPoll] Failed: It looks like you are using Playwright Sync API inside the asyncio loop.
Please use the Async API instead.
  [Health] Reset thread event loop (recovering from killed browser)
  [OddsPoll] Failed: It looks like you are using Playwright Sync API inside the asyncio loop.
Please use the Async API instead.
  [Health] Reset thread event loop (recovering from killed browser)
  [OddsPoll] Failed: It looks like you are using Playwright Sync API inside the asyncio loop.
Please use the Async API instead.
  [Health] Reset thread event loop (recovering from killed browser)
  [OddsPoll] Failed: It looks like you are using Playwright Sync API inside the asyncio loop.
Please use the Async API instead.
  [Health] Reset thread event loop (recovering from killed browser)
  [OddsPoll] Failed: It looks like you are using Playwright Sync API inside the asyncio loop.
Please use the Async API instead.
  [Health] Reset thread event loop (recovering from killed browser)
  [OddsPoll] Failed: It looks like you are using Playwright Sync API inside the asyncio loop.
Please use the Async API instead.
  [Health] Reset thread event loop (recovering from killed browser)
  [OddsPoll] Failed: It looks like you are using Playwright Sync API inside the asyncio loop.
Please use the Async API instead.
  [Health] Reset thread event loop (recovering from killed browser)
  [OddsPoll] Failed: It looks like you are using Playwright Sync API inside the asyncio loop.
Please use the Async API instead.
  [Health] Reset thread event loop (recovering from killed browser)
  [OddsPoll] Failed: It looks like you are using Playwright Sync API inside the asyncio loop.
Please use the Async API instead.
  [Health] Reset thread event loop (recovering from killed browser)
  [OddsPoll] Failed: It looks like you are using Playwright Sync API inside the asyncio loop.
Please use the Async API instead.
  [Health] Reset thread event loop (recovering from killed browser)
  [OddsPoll] Failed: It looks like you are using Playwright Sync API inside the asyncio loop.
Please use the Async API instead.
  [Health] Reset thread event loop (recovering from killed browser)
  [OddsPoll] Failed: It looks like you are using Playwright Sync API inside the asyncio loop.
Please use the Async API instead.
  [Health] Reset thread event loop (recovering from killed browser)
  [OddsPoll] Failed: It looks like you are using Playwright Sync API inside the asyncio loop.
Please use the Async API instead.
  [Health] Reset thread event loop (recovering from killed browser)
  [OddsPoll] Failed: It looks like you are using Playwright Sync API inside the asyncio loop.
Please use the Async API instead.
  [Health] Reset thread event loop (recovering from killed browser)
  [OddsPoll] Failed: It looks like you are using Playwright Sync API inside the asyncio loop.
Please use the Async API instead.
  [Health] Reset thread event loop (recovering from killed browser)
  [OddsPoll] Failed: It looks like you are using Playwright Sync API inside the asyncio loop.
Please use the Async API instead.
  [Health] Reset thread event loop (recovering from killed browser)
  [OddsPoll] Failed: It looks like you are using Playwright Sync API inside the asyncio loop.
Please use the Async API instead.
  [Health] Reset thread event loop (recovering from killed browser)
  [OddsPoll] Failed: It looks like you are using Playwright Sync API inside the asyncio loop.
Please use the Async API instead.
  [Health] Reset thread event loop (recovering from killed browser)
  [OddsPoll] Failed: It looks like you are using Playwright Sync API inside the asyncio loop.
Please use the Async API instead.
  [Health] Reset thread event loop (recovering from killed browser)
  [OddsPoll] Failed: It looks like you are using Playwright Sync API inside the asyncio loop.
Please use the Async API instead.
  [Health] Reset thread event loop (recovering from killed browser)
  [OddsPoll] Failed: It looks like you are using Playwright Sync API inside the asyncio loop.
Please use the Async API instead.
  [Health] Reset thread event loop (recovering from killed browser)
  [OddsPoll] Failed: It looks like you are using Playwright Sync API inside the asyncio loop.
Please use the Async API instead.
  [Health] Reset thread event loop (recovering from killed browser)
  [OddsPoll] Failed: It looks like you are using Playwright Sync API inside the asyncio loop.
Please use the Async API instead.
  [Health] Reset thread event loop (recovering from killed browser)
  [OddsPoll] Failed: It looks like you are using Playwright Sync API inside the asyncio loop.
Please use the Async API instead.
  [Health] Reset thread event loop (recovering from killed browser)
  [OddsPoll] Failed: It looks like you are using Playwright Sync API inside the asyncio loop.
Please use the Async API instead.
  [Health] Reset thread event loop (recovering from killed browser)
  [OddsPoll] Failed: It looks like you are using Playwright Sync API inside the asyncio loop.
Please use the Async API instead.
  [Health] Reset thread event loop (recovering from killed browser)
  [OddsPoll] Failed: It looks like you are using Playwright Sync API inside the asyncio loop.
Please use the Async API instead.
  [Health] Reset thread event loop (recovering from killed browser)
  [OddsPoll] Failed: It looks like you are using Playwright Sync API inside the asyncio loop.
Please use the Async API instead.
  [Health] Reset thread event loop (recovering from killed browser)
  [OddsPoll] Failed: It looks like you are using Playwright Sync API inside the asyncio loop.
Please use the Async API instead.
  [Health] Reset thread event loop (recovering from killed browser)
  [OddsPoll] Failed: It looks like you are using Playwright Sync API inside the asyncio loop.
Please use the Async API instead.
  [Health] Reset thread event loop (recovering from killed browser)
  [OddsPoll] Failed: It looks like you are using Playwright Sync API inside the asyncio loop.
Please use the Async API instead.
  [Health] Reset thread event loop (recovering from killed browser)
  [OddsPoll] Failed: It looks like you are using Playwright Sync API inside the asyncio loop.
Please use the Async API instead.
  [Health] Reset thread event loop (recovering from killed browser)
  [OddsPoll] Failed: It looks like you are using Playwright Sync API inside the asyncio loop.
Please use the Async API instead.
  [Health] Reset thread event loop (recovering from killed browser)
  [OddsPoll] Failed: It looks like you are using Playwright Sync API inside the asyncio loop.
Please use the Async API instead.
  [Health] Reset thread event loop (recovering from killed browser)
  [OddsPoll] Failed: It looks like you are using Playwright Sync API inside the asyncio loop.
Please use the Async API instead.
  [Health] Reset thread event loop (recovering from killed browser)
  [OddsPoll] Failed: It looks like you are using Playwright Sync API inside the asyncio loop.
Please use the Async API instead.
  [Health] Reset thread event loop (recovering from killed browser)
  [OddsPoll] Failed: It looks like you are using Playwright Sync API inside the asyncio loop.
Please use the Async API instead.
  [Health] Reset thread event loop (recovering from killed browser)
  [OddsPoll] Failed: It looks like you are using Playwright Sync API inside the asyncio loop.
Please use the Async API instead.
  [Health] Reset thread event loop (recovering from killed browser)
  [OddsPoll] Failed: It looks like you are using Playwright Sync API inside the asyncio loop.
Please use the Async API instead.
  [Health] Reset thread event loop (recovering from killed browser)
  [OddsPoll] Failed: It looks like you are using Playwright Sync API inside the asyncio loop.
Please use the Async API instead.
  [Health] Reset thread event loop (recovering from killed browser)
  [OddsPoll] Failed: It looks like you are using Playwright Sync API inside the asyncio loop.
Please use the Async API instead.
  [Health] Reset thread event loop (recovering from killed browser)
  [OddsPoll] Failed: It looks like you are using Playwright Sync API inside the asyncio loop.
Please use the Async API instead.
  [Health] Reset thread event loop (recovering from killed browser)
  [OddsPoll] Failed: It looks like you are using Playwright Sync API inside the asyncio loop.
Please use the Async API instead.
  [Health] Reset thread event loop (recovering from killed browser)
  [OddsPoll] Failed: It looks like you are using Playwright Sync API inside the asyncio loop.
Please use the Async API instead.
  [Health] Reset thread event loop (recovering from killed browser)
  [OddsPoll] Failed: It looks like you are using Playwright Sync API inside the asyncio loop.
Please use the Async API instead.
  [Health] Reset thread event loop (recovering from killed browser)
  [OddsPoll] Failed: It looks like you are using Playwright Sync API inside the asyncio loop.
Please use the Async API instead.
  [Health] Reset thread event loop (recovering from killed browser)
  [OddsPoll] Failed: It looks like you are using Playwright Sync API inside the asyncio loop.
Please use the Async API instead.
  [Health] Reset thread event loop (recovering from killed browser)
  [OddsPoll] Failed: It looks like you are using Playwright Sync API inside the asyncio loop.
Please use the Async API instead.
  [Health] Reset thread event loop (recovering from killed browser)
  [OddsPoll] Failed: It looks like you are using Playwright Sync API inside the asyncio loop.
Please use the Async API instead.
  [Health] Reset thread event loop (recovering from killed browser)
  [OddsPoll] Failed: It looks like you are using Playwright Sync API inside the asyncio loop.
Please use the Async API instead.
  [Health] Reset thread event loop (recovering from killed browser)
  [OddsPoll] Failed: It looks like you are using Playwright Sync API inside the asyncio loop.
Please use the Async API instead.
  [Scraper] Pruned 12 odds files older than 24h

  [Scraper] QUICK scrape at 2026-07-09 03:08:27.401234
  [Health] Reset thread event loop (recovering from killed browser)
  [Scraper] Quick scrape failed: It looks like you are using Playwright Sync API inside the asyncio loop.
Please use the Async API instead.
  [Scraper] Rebuilding models...
  [App] Loading football data...
  [Health] Reset thread event loop (recovering from killed browser)
  [OddsPoll] Failed: It looks like you are using Playwright Sync API inside the asyncio loop.
Please use the Async API instead.
  [Data] England: 22860 matches from seasons [1, 2, 3, 4]
  [Data] France: 39437 matches from seasons [1, 2, 3, 4]
  [Data] Germany: 50373 matches from seasons [1, 2, 3, 4]
  [Data] Italy: 58670 matches from seasons [1, 2, 3, 4]
  [Data] Spain: 64260 matches from seasons [1, 2, 3, 4]
  [Data] Turkey: 51966 matches from seasons [1, 2, 3, 4]
  [App] Building Poisson models...
  [App] Evaluating accuracy & building improved models...
  [Accuracy] England: 3930 evaluated, 1X2=49.2%, O2.5=54.8%, BTTS=55.0%
  [Accuracy] France: 5891 evaluated, 1X2=46.9%, O2.5=52.5%, BTTS=52.2%
  [Accuracy] Germany: 6047 evaluated, 1X2=47.9%, O2.5=52.8%, BTTS=54.4%
  [Health] Reset thread event loop (recovering from killed browser)
  [OddsPoll] Failed: It looks like you are using Playwright Sync API inside the asyncio loop.
Please use the Async API instead.
  [Accuracy] Italy: 6590 evaluated, 1X2=48.9%, O2.5=52.4%, BTTS=51.5%
  [Accuracy] Spain: 6257 evaluated, 1X2=47.8%, O2.5=53.5%, BTTS=52.2%
  [Accuracy] Turkey: 5721 evaluated, 1X2=45.4%, O2.5=52.8%, BTTS=53.1%
  [App] Loading racing data...
  [Health] Reset thread event loop (recovering from killed browser)
  [OddsPoll] Failed: It looks like you are using Playwright Sync API inside the asyncio loop.
Please use the Async API instead.
  [Data] Greyhound Racing: 2264 races, venues: London, Santa Monica
  [Data] Horse Racing: 2129 races, venues: Dubai, Golden Gate Fields, Kentucky, Queen Mary, Royal Meadow, San Pablo
  [Data] Motorbike Racing: 1211 races, venues: Southern
  [Data] Speedway Racing: 893 races, venues: Bristol
  [App] Building racing models...
  [App] Models ready: 6 football leagues, 10 racing venues, 342 predictions, 342 improved predictions
  [Health] models_rebuild: ok 07-09 03:08:41  |  odds_scrape: !! 07-09 03:08:41  It looks like you are using Playwright Sync API inside the asyncio loop.
Please use the Async API instead.  |  racing_results: ok 07-08 16:08:44  |  racing_upcoming: ok 07-08 16:48:39  |  results_scrape: ok 07-08 16:08:17  |  virtual_session: ok 07-08 16:07:25
  [Health] Reset thread event loop (recovering from killed browser)
  [OddsPoll] Failed: It looks like you are using Playwright Sync API inside the asyncio loop.
Please use the Async API instead.
  [Health] Reset thread event loop (recovering from killed browser)
  [OddsPoll] Failed: It looks like you are using Playwright Sync API inside the asyncio loop.
Please use the Async API instead.
  [Health] Reset thread event loop (recovering from killed browser)
  [OddsPoll] Failed: It looks like you are using Playwright Sync API inside the asyncio loop.
Please use the Async API instead.
  [Health] Reset thread event loop (recovering from killed browser)
  [OddsPoll] Failed: It looks like you are using Playwright Sync API inside the asyncio loop.
Please use the Async API instead.
  [Health] Reset thread event loop (recovering from killed browser)
  [OddsPoll] Failed: It looks like you are using Playwright Sync API inside the asyncio loop.
Please use the Async API instead.
  [Health] Reset thread event loop (recovering from killed browser)
  [OddsPoll] Failed: It looks like you are using Playwright Sync API inside the asyncio loop.
Please use the Async API instead.
  [Health] Reset thread event loop (recovering from killed browser)
  [OddsPoll] Failed: It looks like you are using Playwright Sync API inside the asyncio loop.
Please use the Async API instead.
  [Health] Reset thread event loop (recovering from killed browser)
  [OddsPoll] Failed: It looks like you are using Playwright Sync API inside the asyncio loop.
Please use the Async API instead.
  [Health] Reset thread event loop (recovering from killed browser)
  [OddsPoll] Failed: It looks like you are using Playwright Sync API inside the asyncio loop.
Please use the Async API instead.
  [Health] Reset thread event loop (recovering from killed browser)
  [OddsPoll] Failed: It looks like you are using Playwright Sync API inside the asyncio loop.
Please use the Async API instead.
  [Health] Reset thread event loop (recovering from killed browser)
  [OddsPoll] Failed: It looks like you are using Playwright Sync API inside the asyncio loop.
Please use the Async API instead.
  [Health] Reset thread event loop (recovering from killed browser)
  [OddsPoll] Failed: It looks like you are using Playwright Sync API inside the asyncio loop.
Please use the Async API instead.
  [Health] Reset thread event loop (recovering from killed browser)
  [OddsPoll] Failed: It looks like you are using Playwright Sync API inside the asyncio loop.
Please use the Async API instead.
  [Health] Reset thread event loop (recovering from killed browser)
  [OddsPoll] Failed: It looks like you are using Playwright Sync API inside the asyncio loop.
Please use the Async API instead.
  [Health] Reset thread event loop (recovering from killed browser)
  [OddsPoll] Failed: It looks like you are using Playwright Sync API inside the asyncio loop.
Please use the Async API instead.
  [Health] Reset thread event loop (recovering from killed browser)
  [OddsPoll] Failed: It looks like you are using Playwright Sync API inside the asyncio loop.
Please use the Async API instead.
  [Health] Reset thread event loop (recovering from killed browser)
  [OddsPoll] Failed: It looks like you are using Playwright Sync API inside the asyncio loop.
Please use the Async API instead.
  [Health] Reset thread event loop (recovering from killed browser)
  [OddsPoll] Failed: It looks like you are using Playwright Sync API inside the asyncio loop.
Please use the Async API instead.
  [Health] Reset thread event loop (recovering from killed browser)
  [OddsPoll] Failed: It looks like you are using Playwright Sync API inside the asyncio loop.
Please use the Async API instead.
  [Health] Reset thread event loop (recovering from killed browser)
  [OddsPoll] Failed: It looks like you are using Playwright Sync API inside the asyncio loop.
Please use the Async API instead.
  [Health] Reset thread event loop (recovering from killed browser)
  [OddsPoll] Failed: It looks like you are using Playwright Sync API inside the asyncio loop.
Please use the Async API instead.
  [Health] Reset thread event loop (recovering from killed browser)
  [OddsPoll] Failed: It looks like you are using Playwright Sync API inside the asyncio loop.
Please use the Async API instead.
  [Health] Reset thread event loop (recovering from killed browser)
  [OddsPoll] Failed: It looks like you are using Playwright Sync API inside the asyncio loop.
Please use the Async API instead.
  [Health] Reset thread event loop (recovering from killed browser)
  [OddsPoll] Failed: It looks like you are using Playwright Sync API inside the asyncio loop.
Please use the Async API instead.
  [Health] Reset thread event loop (recovering from killed browser)
  [OddsPoll] Failed: It looks like you are using Playwright Sync API inside the asyncio loop.
Please use the Async API instead.
  [Health] Reset thread event loop (recovering from killed browser)
  [OddsPoll] Failed: It looks like you are using Playwright Sync API inside the asyncio loop.
Please use the Async API instead.
  [Health] Reset thread event loop (recovering from killed browser)
  [OddsPoll] Failed: It looks like you are using Playwright Sync API inside the asyncio loop.
Please use the Async API instead.
  [Health] Reset thread event loop (recovering from killed browser)
  [OddsPoll] Failed: It looks like you are using Playwright Sync API inside the asyncio loop.
Please use the Async API instead.
  [Health] Reset thread event loop (recovering from killed browser)
  [OddsPoll] Failed: It looks like you are using Playwright Sync API inside the asyncio loop.
Please use the Async API instead.
  [Health] Reset thread event loop (recovering from killed browser)
  [OddsPoll] Failed: It looks like you are using Playwright Sync API inside the asyncio loop.
Please use the Async API instead.
  [Health] Reset thread event loop (recovering from killed browser)
  [OddsPoll] Failed: It looks like you are using Playwright Sync API inside the asyncio loop.
Please use the Async API instead.
  [Health] Reset thread event loop (recovering from killed browser)
  [OddsPoll] Failed: It looks like you are using Playwright Sync API inside the asyncio loop.
Please use the Async API instead.
  [Health] Reset thread event loop (recovering from killed browser)
  [OddsPoll] Failed: It looks like you are using Playwright Sync API inside the asyncio loop.
Please use the Async API instead.
  [Health] Reset thread event loop (recovering from killed browser)
  [OddsPoll] Failed: It looks like you are using Playwright Sync API inside the asyncio loop.
Please use the Async API instead.
  [Health] Reset thread event loop (recovering from killed browser)
  [OddsPoll] Failed: It looks like you are using Playwright Sync API inside the asyncio loop.
Please use the Async API instead.
  [Health] Reset thread event loop (recovering from killed browser)
  [OddsPoll] Failed: It looks like you are using Playwright Sync API inside the asyncio loop.
Please use the Async API instead.
  [Health] Reset thread event loop (recovering from killed browser)
  [OddsPoll] Failed: It looks like you are using Playwright Sync API inside the asyncio loop.
Please use the Async API instead.
  [Health] Reset thread event loop (recovering from killed browser)
  [OddsPoll] Failed: It looks like you are using Playwright Sync API inside the asyncio loop.
Please use the Async API instead.
  [Health] Reset thread event loop (recovering from killed browser)
  [OddsPoll] Failed: It looks like you are using Playwright Sync API inside the asyncio loop.
Please use the Async API instead.
  [Health] Reset thread event loop (recovering from killed browser)
  [OddsPoll] Failed: It looks like you are using Playwright Sync API inside the asyncio loop.
Please use the Async API instead.
  [Health] Reset thread event loop (recovering from killed browser)
  [OddsPoll] Failed: It looks like you are using Playwright Sync API inside the asyncio loop.
Please use the Async API instead.
  [Health] Reset thread event loop (recovering from killed browser)
  [OddsPoll] Failed: It looks like you are using Playwright Sync API inside the asyncio loop.
Please use the Async API instead.
  [Health] Reset thread event loop (recovering from killed browser)
  [OddsPoll] Failed: It looks like you are using Playwright Sync API inside the asyncio loop.
Please use the Async API instead.
  [Health] Reset thread event loop (recovering from killed browser)
  [OddsPoll] Failed: It looks like you are using Playwright Sync API inside the asyncio loop.
Please use the Async API instead.
  [Health] Reset thread event loop (recovering from killed browser)
  [OddsPoll] Failed: It looks like you are using Playwright Sync API inside the asyncio loop.
Please use the Async API instead.
  [Health] Reset thread event loop (recovering from killed browser)
  [OddsPoll] Failed: It looks like you are using Playwright Sync API inside the asyncio loop.
Please use the Async API instead.
  [Health] Reset thread event loop (recovering from killed browser)
  [OddsPoll] Failed: It looks like you are using Playwright Sync API inside the asyncio loop.
Please use the Async API instead.
  [Health] Reset thread event loop (recovering from killed browser)
  [OddsPoll] Failed: It looks like you are using Playwright Sync API inside the asyncio loop.
Please use the Async API instead.
  [Health] Reset thread event loop (recovering from killed browser)
  [OddsPoll] Failed: It looks like you are using Playwright Sync API inside the asyncio loop.
Please use the Async API instead.
  [Health] Reset thread event loop (recovering from killed browser)
  [OddsPoll] Failed: It looks like you are using Playwright Sync API inside the asyncio loop.
Please use the Async API instead.
  [Health] Reset thread event loop (recovering from killed browser)
  [OddsPoll] Failed: It looks like you are using Playwright Sync API inside the asyncio loop.
Please use the Async API instead.
  [Health] Reset thread event loop (recovering from killed browser)
  [OddsPoll] Failed: It looks like you are using Playwright Sync API inside the asyncio loop.
Please use the Async API instead.
  [Health] Reset thread event loop (recovering from killed browser)
  [OddsPoll] Failed: It looks like you are using Playwright Sync API inside the asyncio loop.
Please use the Async API instead.
  [Health] Reset thread event loop (recovering from killed browser)
  [OddsPoll] Failed: It looks like you are using Playwright Sync API inside the asyncio loop.
Please use the Async API instead.
  [Health] Reset thread event loop (recovering from killed browser)
  [OddsPoll] Failed: It looks like you are using Playwright Sync API inside the asyncio loop.
Please use the Async API instead.
  [Health] Reset thread event loop (recovering from killed browser)
  [OddsPoll] Failed: It looks like you are using Playwright Sync API inside the asyncio loop.
Please use the Async API instead.
  [Health] Reset thread event loop (recovering from killed browser)
  [OddsPoll] Failed: It looks like you are using Playwright Sync API inside the asyncio loop.
Please use the Async API instead.
  [Health] Reset thread event loop (recovering from killed browser)
  [OddsPoll] Failed: It looks like you are using Playwright Sync API inside the asyncio loop.
Please use the Async API instead.
  [Health] Reset thread event loop (recovering from killed browser)
  [OddsPoll] Failed: It looks like you are using Playwright Sync API inside the asyncio loop.
Please use the Async API instead.
  [Health] Reset thread event loop (recovering from killed browser)
  [OddsPoll] Failed: It looks like you are using Playwright Sync API inside the asyncio loop.
Please use the Async API instead.
  [Scraper] Pruned 12 odds files older than 24h

  [Scraper] QUICK scrape at 2026-07-09 03:13:41.805702
  [Health] Reset thread event loop (recovering from killed browser)
  [Scraper] Quick scrape failed: It looks like you are using Playwright Sync API inside the asyncio loop.
Please use the Async API instead.
  [Scraper] Rebuilding models...
  [App] Loading football data...
  [Health] Reset thread event loop (recovering from killed browser)
  [OddsPoll] Failed: It looks like you are using Playwright Sync API inside the asyncio loop.
Please use the Async API instead.
  [Data] England: 22860 matches from seasons [1, 2, 3, 4]
  [Data] France: 39437 matches from seasons [1, 2, 3, 4]
  [Data] Germany: 50373 matches from seasons [1, 2, 3, 4]
  [Data] Italy: 58670 matches from seasons [1, 2, 3, 4]
  [Data] Spain: 64260 matches from seasons [1, 2, 3, 4]
  [Data] Turkey: 51966 matches from seasons [1, 2, 3, 4]
  [App] Building Poisson models...
  [App] Evaluating accuracy & building improved models...
  [Accuracy] England: 3930 evaluated, 1X2=49.2%, O2.5=54.8%, BTTS=55.0%
  [Accuracy] France: 5891 evaluated, 1X2=46.9%, O2.5=52.5%, BTTS=52.2%
  [Health] Reset thread event loop (recovering from killed browser)
  [OddsPoll] Failed: It looks like you are using Playwright Sync API inside the asyncio loop.
Please use the Async API instead.
  [Accuracy] Germany: 6047 evaluated, 1X2=47.9%, O2.5=52.8%, BTTS=54.4%
  [Accuracy] Italy: 6590 evaluated, 1X2=48.9%, O2.5=52.4%, BTTS=51.5%
  [Accuracy] Spain: 6257 evaluated, 1X2=47.8%, O2.5=53.5%, BTTS=52.2%
  [Health] Reset thread event loop (recovering from killed browser)
  [OddsPoll] Failed: It looks like you are using Playwright Sync API inside the asyncio loop.
Please use the Async API instead.
  [Accuracy] Turkey: 5721 evaluated, 1X2=45.4%, O2.5=52.8%, BTTS=53.1%
  [App] Loading racing data...
  [Data] Greyhound Racing: 2264 races, venues: London, Santa Monica
  [Data] Horse Racing: 2129 races, venues: Dubai, Golden Gate Fields, Kentucky, Queen Mary, Royal Meadow, San Pablo
  [Data] Motorbike Racing: 1211 races, venues: Southern
  [Data] Speedway Racing: 893 races, venues: Bristol
  [App] Building racing models...
  [App] Models ready: 6 football leagues, 10 racing venues, 342 predictions, 342 improved predictions
  [Health] models_rebuild: ok 07-09 03:13:58  |  odds_scrape: !! 07-09 03:13:56  It looks like you are using Playwright Sync API inside the asyncio loop.
Please use the Async API instead.  |  racing_results: ok 07-08 16:08:44  |  racing_upcoming: ok 07-08 16:48:39  |  results_scrape: ok 07-08 16:08:17  |  virtual_session: ok 07-08 16:07:25
  [Health] Reset thread event loop (recovering from killed browser)
  [OddsPoll] Failed: It looks like you are using Playwright Sync API inside the asyncio loop.
Please use the Async API instead.
  [Health] Reset thread event loop (recovering from killed browser)
  [OddsPoll] Failed: It looks like you are using Playwright Sync API inside the asyncio loop.
Please use the Async API instead.
  [Health] Reset thread event loop (recovering from killed browser)
  [OddsPoll] Failed: It looks like you are using Playwright Sync API inside the asyncio loop.
Please use the Async API instead.
  [Health] Reset thread event loop (recovering from killed browser)
  [OddsPoll] Failed: It looks like you are using Playwright Sync API inside the asyncio loop.
Please use the Async API instead.
  [Health] Reset thread event loop (recovering from killed browser)
  [OddsPoll] Failed: It looks like you are using Playwright Sync API inside the asyncio loop.
Please use the Async API instead.
  [Health] Reset thread event loop (recovering from killed browser)
  [OddsPoll] Failed: It looks like you are using Playwright Sync API inside the asyncio loop.
Please use the Async API instead.
  [Health] Reset thread event loop (recovering from killed browser)
  [OddsPoll] Failed: It looks like you are using Playwright Sync API inside the asyncio loop.
Please use the Async API instead.
  [Health] Reset thread event loop (recovering from killed browser)
  [OddsPoll] Failed: It looks like you are using Playwright Sync API inside the asyncio loop.
Please use the Async API instead.
  [Health] Reset thread event loop (recovering from killed browser)
  [OddsPoll] Failed: It looks like you are using Playwright Sync API inside the asyncio loop.
Please use the Async API instead.
  [Health] Reset thread event loop (recovering from killed browser)
  [OddsPoll] Failed: It looks like you are using Playwright Sync API inside the asyncio loop.
Please use the Async API instead.
  [Health] Reset thread event loop (recovering from killed browser)
  [OddsPoll] Failed: It looks like you are using Playwright Sync API inside the asyncio loop.
Please use the Async API instead.
  [Health] Reset thread event loop (recovering from killed browser)
  [OddsPoll] Failed: It looks like you are using Playwright Sync API inside the asyncio loop.
Please use the Async API instead.
  [Health] Reset thread event loop (recovering from killed browser)
  [OddsPoll] Failed: It looks like you are using Playwright Sync API inside the asyncio loop.
Please use the Async API instead.
  [Health] Reset thread event loop (recovering from killed browser)
  [OddsPoll] Failed: It looks like you are using Playwright Sync API inside the asyncio loop.
Please use the Async API instead.
  [Health] Reset thread event loop (recovering from killed browser)
  [OddsPoll] Failed: It looks like you are using Playwright Sync API inside the asyncio loop.
Please use the Async API instead.
  [Health] Reset thread event loop (recovering from killed browser)
  [OddsPoll] Failed: It looks like you are using Playwright Sync API inside the asyncio loop.
Please use the Async API instead.
  [Health] Reset thread event loop (recovering from killed browser)
  [OddsPoll] Failed: It looks like you are using Playwright Sync API inside the asyncio loop.
Please use the Async API instead.
  [Health] Reset thread event loop (recovering from killed browser)
  [OddsPoll] Failed: It looks like you are using Playwright Sync API inside the asyncio loop.
Please use the Async API instead.
  [Health] Reset thread event loop (recovering from killed browser)
  [OddsPoll] Failed: It looks like you are using Playwright Sync API inside the asyncio loop.
Please use the Async API instead.
  [Health] Reset thread event loop (recovering from killed browser)
  [OddsPoll] Failed: It looks like you are using Playwright Sync API inside the asyncio loop.
Please use the Async API instead.
  [Health] Reset thread event loop (recovering from killed browser)
  [OddsPoll] Failed: It looks like you are using Playwright Sync API inside the asyncio loop.
Please use the Async API instead.
  [Health] Reset thread event loop (recovering from killed browser)
  [OddsPoll] Failed: It looks like you are using Playwright Sync API inside the asyncio loop.
Please use the Async API instead.
  [Health] Reset thread event loop (recovering from killed browser)
  [OddsPoll] Failed: It looks like you are using Playwright Sync API inside the asyncio loop.
Please use the Async API instead.
  [Health] Reset thread event loop (recovering from killed browser)
  [OddsPoll] Failed: It looks like you are using Playwright Sync API inside the asyncio loop.
Please use the Async API instead.
  [Health] Reset thread event loop (recovering from killed browser)
  [OddsPoll] Failed: It looks like you are using Playwright Sync API inside the asyncio loop.
Please use the Async API instead.
  [Health] Reset thread event loop (recovering from killed browser)
  [OddsPoll] Failed: It looks like you are using Playwright Sync API inside the asyncio loop.
Please use the Async API instead.
  [Health] Reset thread event loop (recovering from killed browser)
  [OddsPoll] Failed: It looks like you are using Playwright Sync API inside the asyncio loop.
Please use the Async API instead.
  [Health] Reset thread event loop (recovering from killed browser)
  [OddsPoll] Failed: It looks like you are using Playwright Sync API inside the asyncio loop.
Please use the Async API instead.
  [Health] Reset thread event loop (recovering from killed browser)
  [OddsPoll] Failed: It looks like you are using Playwright Sync API inside the asyncio loop.
Please use the Async API instead.
  [Health] Reset thread event loop (recovering from killed browser)
  [OddsPoll] Failed: It looks like you are using Playwright Sync API inside the asyncio loop.
Please use the Async API instead.
  [Health] Reset thread event loop (recovering from killed browser)
  [OddsPoll] Failed: It looks like you are using Playwright Sync API inside the asyncio loop.
Please use the Async API instead.
  [Health] Reset thread event loop (recovering from killed browser)
  [OddsPoll] Failed: It looks like you are using Playwright Sync API inside the asyncio loop.
Please use the Async API instead.
  [Health] Reset thread event loop (recovering from killed browser)
  [OddsPoll] Failed: It looks like you are using Playwright Sync API inside the asyncio loop.
Please use the Async API instead.
  [Health] Reset thread event loop (recovering from killed browser)
  [OddsPoll] Failed: It looks like you are using Playwright Sync API inside the asyncio loop.
Please use the Async API instead.
  [Health] Reset thread event loop (recovering from killed browser)
  [OddsPoll] Failed: It looks like you are using Playwright Sync API inside the asyncio loop.
Please use the Async API instead.
  [Health] Reset thread event loop (recovering from killed browser)
  [OddsPoll] Failed: It looks like you are using Playwright Sync API inside the asyncio loop.
Please use the Async API instead.
  [Health] Reset thread event loop (recovering from killed browser)
  [OddsPoll] Failed: It looks like you are using Playwright Sync API inside the asyncio loop.
Please use the Async API instead.
  [Health] Reset thread event loop (recovering from killed browser)
  [OddsPoll] Failed: It looks like you are using Playwright Sync API inside the asyncio loop.
Please use the Async API instead.
  [Health] Reset thread event loop (recovering from killed browser)
  [OddsPoll] Failed: It looks like you are using Playwright Sync API inside the asyncio loop.
Please use the Async API instead.
  [Health] Reset thread event loop (recovering from killed browser)
  [OddsPoll] Failed: It looks like you are using Playwright Sync API inside the asyncio loop.
Please use the Async API instead.
  [Health] Reset thread event loop (recovering from killed browser)
  [OddsPoll] Failed: It looks like you are using Playwright Sync API inside the asyncio loop.
Please use the Async API instead.
  [Health] Reset thread event loop (recovering from killed browser)
  [OddsPoll] Failed: It looks like you are using Playwright Sync API inside the asyncio loop.
Please use the Async API instead.
  [Health] Reset thread event loop (recovering from killed browser)
  [OddsPoll] Failed: It looks like you are using Playwright Sync API inside the asyncio loop.
Please use the Async API instead.
  [Health] Reset thread event loop (recovering from killed browser)
  [OddsPoll] Failed: It looks like you are using Playwright Sync API inside the asyncio loop.
Please use the Async API instead.
  [Health] Reset thread event loop (recovering from killed browser)
  [OddsPoll] Failed: It looks like you are using Playwright Sync API inside the asyncio loop.
Please use the Async API instead.
  [Health] Reset thread event loop (recovering from killed browser)
  [OddsPoll] Failed: It looks like you are using Playwright Sync API inside the asyncio loop.
Please use the Async API instead.
  [Health] Reset thread event loop (recovering from killed browser)
  [OddsPoll] Failed: It looks like you are using Playwright Sync API inside the asyncio loop.
Please use the Async API instead.
  [Health] Reset thread event loop (recovering from killed browser)
  [OddsPoll] Failed: It looks like you are using Playwright Sync API inside the asyncio loop.
Please use the Async API instead.
  [Health] Reset thread event loop (recovering from killed browser)
  [OddsPoll] Failed: It looks like you are using Playwright Sync API inside the asyncio loop.
Please use the Async API instead.
  [Health] Reset thread event loop (recovering from killed browser)
  [OddsPoll] Failed: It looks like you are using Playwright Sync API inside the asyncio loop.
Please use the Async API instead.
  [Health] Reset thread event loop (recovering from killed browser)
  [OddsPoll] Failed: It looks like you are using Playwright Sync API inside the asyncio loop.
Please use the Async API instead.
  [Health] Reset thread event loop (recovering from killed browser)
  [OddsPoll] Failed: It looks like you are using Playwright Sync API inside the asyncio loop.
Please use the Async API instead.
  [Health] Reset thread event loop (recovering from killed browser)
  [OddsPoll] Failed: It looks like you are using Playwright Sync API inside the asyncio loop.
Please use the Async API instead.
  [Health] Reset thread event loop (recovering from killed browser)
  [OddsPoll] Failed: It looks like you are using Playwright Sync API inside the asyncio loop.
Please use the Async API instead.
  [Health] Reset thread event loop (recovering from killed browser)
  [OddsPoll] Failed: It looks like you are using Playwright Sync API inside the asyncio loop.
Please use the Async API instead.
  [Health] Reset thread event loop (recovering from killed browser)
  [OddsPoll] Failed: It looks like you are using Playwright Sync API inside the asyncio loop.
Please use the Async API instead.
  [Health] Reset thread event loop (recovering from killed browser)
  [OddsPoll] Failed: It looks like you are using Playwright Sync API inside the asyncio loop.
Please use the Async API instead.
  [Health] Reset thread event loop (recovering from killed browser)
  [OddsPoll] Failed: It looks like you are using Playwright Sync API inside the asyncio loop.
Please use the Async API instead.
  [Health] Reset thread event loop (recovering from killed browser)
  [OddsPoll] Failed: It looks like you are using Playwright Sync API inside the asyncio loop.
Please use the Async API instead.
  [Health] Reset thread event loop (recovering from killed browser)
  [OddsPoll] Failed: It looks like you are using Playwright Sync API inside the asyncio loop.
Please use the Async API instead.
  [Scraper] Pruned 12 odds files older than 24h

  [Scraper] QUICK scrape at 2026-07-09 03:18:58.744557
  [Health] Reset thread event loop (recovering from killed browser)
  [Scraper] Quick scrape failed: It looks like you are using Playwright Sync API inside the asyncio loop.
Please use the Async API instead.
  [Scraper] Rebuilding models...
  [App] Loading football data...
  [Health] Reset thread event loop (recovering from killed browser)
  [OddsPoll] Failed: It looks like you are using Playwright Sync API inside the asyncio loop.
Please use the Async API instead.
  [Data] England: 22860 matches from seasons [1, 2, 3, 4]
  [Data] France: 39437 matches from seasons [1, 2, 3, 4]
  [Data] Germany: 50373 matches from seasons [1, 2, 3, 4]
  [Data] Italy: 58670 matches from seasons [1, 2, 3, 4]
  [Data] Spain: 64260 matches from seasons [1, 2, 3, 4]
  [Data] Turkey: 51966 matches from seasons [1, 2, 3, 4]
  [App] Building Poisson models...
  [Health] Reset thread event loop (recovering from killed browser)
  [OddsPoll] Failed: It looks like you are using Playwright Sync API inside the asyncio loop.
Please use the Async API instead.
  [App] Evaluating accuracy & building improved models...
  [Accuracy] England: 3930 evaluated, 1X2=49.2%, O2.5=54.8%, BTTS=55.0%
  [Accuracy] France: 5891 evaluated, 1X2=46.9%, O2.5=52.5%, BTTS=52.2%
  [Health] Reset thread event loop (recovering from killed browser)
  [OddsPoll] Failed: It looks like you are using Playwright Sync API inside the asyncio loop.
Please use the Async API instead.
  [Accuracy] Germany: 6047 evaluated, 1X2=47.9%, O2.5=52.8%, BTTS=54.4%
  [Accuracy] Italy: 6590 evaluated, 1X2=48.9%, O2.5=52.4%, BTTS=51.5%
  [Accuracy] Spain: 6257 evaluated, 1X2=47.8%, O2.5=53.5%, BTTS=52.2%
  [Health] Reset thread event loop (recovering from killed browser)
  [OddsPoll] Failed: It looks like you are using Playwright Sync API inside the asyncio loop.
Please use the Async API instead.
  [Accuracy] Turkey: 5721 evaluated, 1X2=45.4%, O2.5=52.8%, BTTS=53.1%
  [App] Loading racing data...
  [Data] Greyhound Racing: 2264 races, venues: London, Santa Monica
  [Data] Horse Racing: 2129 races, venues: Dubai, Golden Gate Fields, Kentucky, Queen Mary, Royal Meadow, San Pablo
  [Data] Motorbike Racing: 1211 races, venues: Southern
  [Data] Speedway Racing: 893 races, venues: Bristol
  [App] Building racing models...
  [App] Models ready: 6 football leagues, 10 racing venues, 342 predictions, 342 improved predictions
  [Health] models_rebuild: ok 07-09 03:19:22  |  odds_scrape: !! 07-09 03:19:17  It looks like you are using Playwright Sync API inside the asyncio loop.
Please use the Async API instead.  |  racing_results: ok 07-08 16:08:44  |  racing_upcoming: ok 07-08 16:48:39  |  results_scrape: ok 07-08 16:08:17  |  virtual_session: ok 07-08 16:07:25
  [Health] Reset thread event loop (recovering from killed browser)
  [OddsPoll] Failed: It looks like you are using Playwright Sync API inside the asyncio loop.
Please use the Async API instead.
  [Health] Reset thread event loop (recovering from killed browser)
  [OddsPoll] Failed: It looks like you are using Playwright Sync API inside the asyncio loop.
Please use the Async API instead.
  [Health] Reset thread event loop (recovering from killed browser)
  [OddsPoll] Failed: It looks like you are using Playwright Sync API inside the asyncio loop.
Please use the Async API instead.
  [Health] Reset thread event loop (recovering from killed browser)
  [OddsPoll] Failed: It looks like you are using Playwright Sync API inside the asyncio loop.
Please use the Async API instead.
  [Health] Reset thread event loop (recovering from killed browser)
  [OddsPoll] Failed: It looks like you are using Playwright Sync API inside the asyncio loop.
Please use the Async API instead.
  [Health] Reset thread event loop (recovering from killed browser)
  [OddsPoll] Failed: It looks like you are using Playwright Sync API inside the asyncio loop.
Please use the Async API instead.
  [Health] Reset thread event loop (recovering from killed browser)
  [OddsPoll] Failed: It looks like you are using Playwright Sync API inside the asyncio loop.
Please use the Async API instead.
  [Health] Reset thread event loop (recovering from killed browser)
  [OddsPoll] Failed: It looks like you are using Playwright Sync API inside the asyncio loop.
Please use the Async API instead.
  [Health] Reset thread event loop (recovering from killed browser)
  [OddsPoll] Failed: It looks like you are using Playwright Sync API inside the asyncio loop.
Please use the Async API instead.
  [Health] Reset thread event loop (recovering from killed browser)
  [OddsPoll] Failed: It looks like you are using Playwright Sync API inside the asyncio loop.
Please use the Async API instead.
  [Health] Reset thread event loop (recovering from killed browser)
  [OddsPoll] Failed: It looks like you are using Playwright Sync API inside the asyncio loop.
Please use the Async API instead.
  [Health] Reset thread event loop (recovering from killed browser)
  [OddsPoll] Failed: It looks like you are using Playwright Sync API inside the asyncio loop.
Please use the Async API instead.
  [Health] Reset thread event loop (recovering from killed browser)
  [OddsPoll] Failed: It looks like you are using Playwright Sync API inside the asyncio loop.
Please use the Async API instead.
  [Health] Reset thread event loop (recovering from killed browser)
  [OddsPoll] Failed: It looks like you are using Playwright Sync API inside the asyncio loop.
Please use the Async API instead.
  [Health] Reset thread event loop (recovering from killed browser)
  [OddsPoll] Failed: It looks like you are using Playwright Sync API inside the asyncio loop.
Please use the Async API instead.
  [Health] Reset thread event loop (recovering from killed browser)
  [OddsPoll] Failed: It looks like you are using Playwright Sync API inside the asyncio loop.
Please use the Async API instead.
  [Health] Reset thread event loop (recovering from killed browser)
  [OddsPoll] Failed: It looks like you are using Playwright Sync API inside the asyncio loop.
Please use the Async API instead.
  [Health] Reset thread event loop (recovering from killed browser)
  [OddsPoll] Failed: It looks like you are using Playwright Sync API inside the asyncio loop.
Please use the Async API instead.
  [Health] Reset thread event loop (recovering from killed browser)
  [OddsPoll] Failed: It looks like you are using Playwright Sync API inside the asyncio loop.
Please use the Async API instead.
  [Health] Reset thread event loop (recovering from killed browser)
  [OddsPoll] Failed: It looks like you are using Playwright Sync API inside the asyncio loop.
Please use the Async API instead.
  [Health] Reset thread event loop (recovering from killed browser)
  [OddsPoll] Failed: It looks like you are using Playwright Sync API inside the asyncio loop.
Please use the Async API instead.
  [Health] Reset thread event loop (recovering from killed browser)
  [OddsPoll] Failed: It looks like you are using Playwright Sync API inside the asyncio loop.
Please use the Async API instead.
  [Health] Reset thread event loop (recovering from killed browser)
  [OddsPoll] Failed: It looks like you are using Playwright Sync API inside the asyncio loop.
Please use the Async API instead.
  [Health] Reset thread event loop (recovering from killed browser)
  [OddsPoll] Failed: It looks like you are using Playwright Sync API inside the asyncio loop.
Please use the Async API instead.
  [Health] Reset thread event loop (recovering from killed browser)
  [OddsPoll] Failed: It looks like you are using Playwright Sync API inside the asyncio loop.
Please use the Async API instead.
  [Health] Reset thread event loop (recovering from killed browser)
  [OddsPoll] Failed: It looks like you are using Playwright Sync API inside the asyncio loop.
Please use the Async API instead.
  [Health] Reset thread event loop (recovering from killed browser)
  [OddsPoll] Failed: It looks like you are using Playwright Sync API inside the asyncio loop.
Please use the Async API instead.
  [Health] Reset thread event loop (recovering from killed browser)
  [OddsPoll] Failed: It looks like you are using Playwright Sync API inside the asyncio loop.
Please use the Async API instead.
  [Health] Reset thread event loop (recovering from killed browser)
  [OddsPoll] Failed: It looks like you are using Playwright Sync API inside the asyncio loop.
Please use the Async API instead.
  [Health] Reset thread event loop (recovering from killed browser)
  [OddsPoll] Failed: It looks like you are using Playwright Sync API inside the asyncio loop.
Please use the Async API instead.
  [Health] Reset thread event loop (recovering from killed browser)
  [OddsPoll] Failed: It looks like you are using Playwright Sync API inside the asyncio loop.
Please use the Async API instead.
  [Health] Reset thread event loop (recovering from killed browser)
  [OddsPoll] Failed: It looks like you are using Playwright Sync API inside the asyncio loop.
Please use the Async API instead.
  [Health] Reset thread event loop (recovering from killed browser)
  [OddsPoll] Failed: It looks like you are using Playwright Sync API inside the asyncio loop.
Please use the Async API instead.
  [Health] Reset thread event loop (recovering from killed browser)
  [OddsPoll] Failed: It looks like you are using Playwright Sync API inside the asyncio loop.
Please use the Async API instead.
  [Health] Reset thread event loop (recovering from killed browser)
  [OddsPoll] Failed: It looks like you are using Playwright Sync API inside the asyncio loop.
Please use the Async API instead.
  [Health] Reset thread event loop (recovering from killed browser)
  [OddsPoll] Failed: It looks like you are using Playwright Sync API inside the asyncio loop.
Please use the Async API instead.
  [Health] Reset thread event loop (recovering from killed browser)
  [OddsPoll] Failed: It looks like you are using Playwright Sync API inside the asyncio loop.
Please use the Async API instead.
  [Health] Reset thread event loop (recovering from killed browser)
  [OddsPoll] Failed: It looks like you are using Playwright Sync API inside the asyncio loop.
Please use the Async API instead.
  [Health] Reset thread event loop (recovering from killed browser)
  [OddsPoll] Failed: It looks like you are using Playwright Sync API inside the asyncio loop.
Please use the Async API instead.
  [Health] Reset thread event loop (recovering from killed browser)
  [OddsPoll] Failed: It looks like you are using Playwright Sync API inside the asyncio loop.
Please use the Async API instead.
  [Health] Reset thread event loop (recovering from killed browser)
  [OddsPoll] Failed: It looks like you are using Playwright Sync API inside the asyncio loop.
Please use the Async API instead.
  [Health] Reset thread event loop (recovering from killed browser)
  [OddsPoll] Failed: It looks like you are using Playwright Sync API inside the asyncio loop.
Please use the Async API instead.
  [Health] Reset thread event loop (recovering from killed browser)
  [OddsPoll] Failed: It looks like you are using Playwright Sync API inside the asyncio loop.
Please use the Async API instead.
  [Health] Reset thread event loop (recovering from killed browser)
  [OddsPoll] Failed: It looks like you are using Playwright Sync API inside the asyncio loop.
Please use the Async API instead.
  [Health] Reset thread event loop (recovering from killed browser)
  [OddsPoll] Failed: It looks like you are using Playwright Sync API inside the asyncio loop.
Please use the Async API instead.
  [Health] Reset thread event loop (recovering from killed browser)
  [OddsPoll] Failed: It looks like you are using Playwright Sync API inside the asyncio loop.
Please use the Async API instead.
  [Health] Reset thread event loop (recovering from killed browser)
  [OddsPoll] Failed: It looks like you are using Playwright Sync API inside the asyncio loop.
Please use the Async API instead.
  [Health] Reset thread event loop (recovering from killed browser)
  [OddsPoll] Failed: It looks like you are using Playwright Sync API inside the asyncio loop.
Please use the Async API instead.
  [Health] Reset thread event loop (recovering from killed browser)
  [OddsPoll] Failed: It looks like you are using Playwright Sync API inside the asyncio loop.
Please use the Async API instead.
  [Health] Reset thread event loop (recovering from killed browser)
  [OddsPoll] Failed: It looks like you are using Playwright Sync API inside the asyncio loop.
Please use the Async API instead.
  [Health] Reset thread event loop (recovering from killed browser)
  [OddsPoll] Failed: It looks like you are using Playwright Sync API inside the asyncio loop.
Please use the Async API instead.
  [Health] Reset thread event loop (recovering from killed browser)
  [OddsPoll] Failed: It looks like you are using Playwright Sync API inside the asyncio loop.
Please use the Async API instead.
  [Health] Reset thread event loop (recovering from killed browser)
  [OddsPoll] Failed: It looks like you are using Playwright Sync API inside the asyncio loop.
Please use the Async API instead.
  [Health] Reset thread event loop (recovering from killed browser)
  [OddsPoll] Failed: It looks like you are using Playwright Sync API inside the asyncio loop.
Please use the Async API instead.
  [Health] Reset thread event loop (recovering from killed browser)
  [OddsPoll] Failed: It looks like you are using Playwright Sync API inside the asyncio loop.
Please use the Async API instead.
  [Health] Reset thread event loop (recovering from killed browser)
  [OddsPoll] Failed: It looks like you are using Playwright Sync API inside the asyncio loop.
Please use the Async API instead.
  [Health] Reset thread event loop (recovering from killed browser)
  [OddsPoll] Failed: It looks like you are using Playwright Sync API inside the asyncio loop.
Please use the Async API instead.
  [Health] Reset thread event loop (recovering from killed browser)
  [OddsPoll] Failed: It looks like you are using Playwright Sync API inside the asyncio loop.
Please use the Async API instead.
  [Health] Reset thread event loop (recovering from killed browser)
  [OddsPoll] Failed: It looks like you are using Playwright Sync API inside the asyncio loop.
Please use the Async API instead.
  [Health] Reset thread event loop (recovering from killed browser)
  [OddsPoll] Failed: It looks like you are using Playwright Sync API inside the asyncio loop.
Please use the Async API instead.
  [Scraper] Pruned 12 odds files older than 24h

  [Scraper] QUICK scrape at 2026-07-09 03:24:22.679793
  [Health] Reset thread event loop (recovering from killed browser)
  [Scraper] Quick scrape failed: It looks like you are using Playwright Sync API inside the asyncio loop.
Please use the Async API instead.
  [Scraper] Rebuilding models...
  [App] Loading football data...
  [Health] Reset thread event loop (recovering from killed browser)
  [OddsPoll] Failed: It looks like you are using Playwright Sync API inside the asyncio loop.
Please use the Async API instead.
  [Health] Reset thread event loop (recovering from killed browser)
  [OddsPoll] Failed: It looks like you are using Playwright Sync API inside the asyncio loop.
Please use the Async API instead.
  [Data] England: 22860 matches from seasons [1, 2, 3, 4]
  [Data] France: 39437 matches from seasons [1, 2, 3, 4]
  [Data] Germany: 50373 matches from seasons [1, 2, 3, 4]
  [Data] Italy: 58670 matches from seasons [1, 2, 3, 4]
  [Data] Spain: 64260 matches from seasons [1, 2, 3, 4]
  [Data] Turkey: 51966 matches from seasons [1, 2, 3, 4]
  [App] Building Poisson models...
  [App] Evaluating accuracy & building improved models...
  [Accuracy] England: 3930 evaluated, 1X2=49.2%, O2.5=54.8%, BTTS=55.0%
  [Health] Reset thread event loop (recovering from killed browser)
  [OddsPoll] Failed: It looks like you are using Playwright Sync API inside the asyncio loop.
Please use the Async API instead.
  [Accuracy] France: 5891 evaluated, 1X2=46.9%, O2.5=52.5%, BTTS=52.2%
  [Accuracy] Germany: 6047 evaluated, 1X2=47.9%, O2.5=52.8%, BTTS=54.4%
  [Accuracy] Italy: 6590 evaluated, 1X2=48.9%, O2.5=52.4%, BTTS=51.5%
  [Health] Reset thread event loop (recovering from killed browser)
  [OddsPoll] Failed: It looks like you are using Playwright Sync API inside the asyncio loop.
Please use the Async API instead.
  [Accuracy] Spain: 6257 evaluated, 1X2=47.8%, O2.5=53.5%, BTTS=52.2%
  [Accuracy] Turkey: 5721 evaluated, 1X2=45.4%, O2.5=52.8%, BTTS=53.1%
  [App] Loading racing data...
  [Data] Greyhound Racing: 2264 races, venues: London, Santa Monica
  [Data] Horse Racing: 2129 races, venues: Dubai, Golden Gate Fields, Kentucky, Queen Mary, Royal Meadow, San Pablo
  [Data] Motorbike Racing: 1211 races, venues: Southern
  [Data] Speedway Racing: 893 races, venues: Bristol
  [App] Building racing models...
  [App] Models ready: 6 football leagues, 10 racing venues, 342 predictions, 342 improved predictions
  [Health] models_rebuild: ok 07-09 03:24:42  |  odds_scrape: !! 07-09 03:24:38  It looks like you are using Playwright Sync API inside the asyncio loop.
Please use the Async API instead.  |  racing_results: ok 07-08 16:08:44  |  racing_upcoming: ok 07-08 16:48:39  |  results_scrape: ok 07-08 16:08:17  |  virtual_session: ok 07-08 16:07:25
  [Health] Reset thread event loop (recovering from killed browser)
  [OddsPoll] Failed: It looks like you are using Playwright Sync API inside the asyncio loop.
Please use the Async API instead.
  [Health] Reset thread event loop (recovering from killed browser)
  [OddsPoll] Failed: It looks like you are using Playwright Sync API inside the asyncio loop.
Please use the Async API instead.
  [Health] Reset thread event loop (recovering from killed browser)
  [OddsPoll] Failed: It looks like you are using Playwright Sync API inside the asyncio loop.
Please use the Async API instead.
  [Health] Reset thread event loop (recovering from killed browser)
  [OddsPoll] Failed: It looks like you are using Playwright Sync API inside the asyncio loop.
Please use the Async API instead.
  [Health] Reset thread event loop (recovering from killed browser)
  [OddsPoll] Failed: It looks like you are using Playwright Sync API inside the asyncio loop.
Please use the Async API instead.
  [Health] Reset thread event loop (recovering from killed browser)
  [OddsPoll] Failed: It looks like you are using Playwright Sync API inside the asyncio loop.
Please use the Async API instead.
  [Health] Reset thread event loop (recovering from killed browser)
  [OddsPoll] Failed: It looks like you are using Playwright Sync API inside the asyncio loop.
Please use the Async API instead.
  [Health] Reset thread event loop (recovering from killed browser)
  [OddsPoll] Failed: It looks like you are using Playwright Sync API inside the asyncio loop.
Please use the Async API instead.
  [Health] Reset thread event loop (recovering from killed browser)
  [OddsPoll] Failed: It looks like you are using Playwright Sync API inside the asyncio loop.
Please use the Async API instead.
  [Health] Reset thread event loop (recovering from killed browser)
  [OddsPoll] Failed: It looks like you are using Playwright Sync API inside the asyncio loop.
Please use the Async API instead.
  [Health] Reset thread event loop (recovering from killed browser)
  [OddsPoll] Failed: It looks like you are using Playwright Sync API inside the asyncio loop.
Please use the Async API instead.
  [Health] Reset thread event loop (recovering from killed browser)
  [OddsPoll] Failed: It looks like you are using Playwright Sync API inside the asyncio loop.
Please use the Async API instead.
  [Health] Reset thread event loop (recovering from killed browser)
  [OddsPoll] Failed: It looks like you are using Playwright Sync API inside the asyncio loop.
Please use the Async API instead.
  [Health] Reset thread event loop (recovering from killed browser)
  [OddsPoll] Failed: It looks like you are using Playwright Sync API inside the asyncio loop.
Please use the Async API instead.
  [Health] Reset thread event loop (recovering from killed browser)
  [OddsPoll] Failed: It looks like you are using Playwright Sync API inside the asyncio loop.
Please use the Async API instead.
  [Health] Reset thread event loop (recovering from killed browser)
  [OddsPoll] Failed: It looks like you are using Playwright Sync API inside the asyncio loop.
Please use the Async API instead.
  [Health] Reset thread event loop (recovering from killed browser)
  [OddsPoll] Failed: It looks like you are using Playwright Sync API inside the asyncio loop.
Please use the Async API instead.
  [Health] Reset thread event loop (recovering from killed browser)
  [OddsPoll] Failed: It looks like you are using Playwright Sync API inside the asyncio loop.
Please use the Async API instead.
  [Health] Reset thread event loop (recovering from killed browser)
  [OddsPoll] Failed: It looks like you are using Playwright Sync API inside the asyncio loop.
Please use the Async API instead.
  [Health] Reset thread event loop (recovering from killed browser)
  [OddsPoll] Failed: It looks like you are using Playwright Sync API inside the asyncio loop.
Please use the Async API instead.
  [Health] Reset thread event loop (recovering from killed browser)
  [OddsPoll] Failed: It looks like you are using Playwright Sync API inside the asyncio loop.
Please use the Async API instead.
  [Health] Reset thread event loop (recovering from killed browser)
  [OddsPoll] Failed: It looks like you are using Playwright Sync API inside the asyncio loop.
Please use the Async API instead.
  [Health] Reset thread event loop (recovering from killed browser)
  [OddsPoll] Failed: It looks like you are using Playwright Sync API inside the asyncio loop.
Please use the Async API instead.
  [Health] Reset thread event loop (recovering from killed browser)
  [OddsPoll] Failed: It looks like you are using Playwright Sync API inside the asyncio loop.
Please use the Async API instead.
  [Health] Reset thread event loop (recovering from killed browser)
  [OddsPoll] Failed: It looks like you are using Playwright Sync API inside the asyncio loop.
Please use the Async API instead.
  [Health] Reset thread event loop (recovering from killed browser)
  [OddsPoll] Failed: It looks like you are using Playwright Sync API inside the asyncio loop.
Please use the Async API instead.
  [Health] Reset thread event loop (recovering from killed browser)
  [OddsPoll] Failed: It looks like you are using Playwright Sync API inside the asyncio loop.
Please use the Async API instead.
  [Health] Reset thread event loop (recovering from killed browser)
  [OddsPoll] Failed: It looks like you are using Playwright Sync API inside the asyncio loop.
Please use the Async API instead.
  [Health] Reset thread event loop (recovering from killed browser)
  [OddsPoll] Failed: It looks like you are using Playwright Sync API inside the asyncio loop.
Please use the Async API instead.
  [Health] Reset thread event loop (recovering from killed browser)
  [OddsPoll] Failed: It looks like you are using Playwright Sync API inside the asyncio loop.
Please use the Async API instead.
  [Health] Reset thread event loop (recovering from killed browser)
  [OddsPoll] Failed: It looks like you are using Playwright Sync API inside the asyncio loop.
Please use the Async API instead.
  [Health] Reset thread event loop (recovering from killed browser)
  [OddsPoll] Failed: It looks like you are using Playwright Sync API inside the asyncio loop.
Please use the Async API instead.
  [Health] Reset thread event loop (recovering from killed browser)
  [OddsPoll] Failed: It looks like you are using Playwright Sync API inside the asyncio loop.
Please use the Async API instead.
  [Health] Reset thread event loop (recovering from killed browser)
  [OddsPoll] Failed: It looks like you are using Playwright Sync API inside the asyncio loop.
Please use the Async API instead.
  [Health] Reset thread event loop (recovering from killed browser)
  [OddsPoll] Failed: It looks like you are using Playwright Sync API inside the asyncio loop.
Please use the Async API instead.
  [Health] Reset thread event loop (recovering from killed browser)
  [OddsPoll] Failed: It looks like you are using Playwright Sync API inside the asyncio loop.
Please use the Async API instead.
  [Health] Reset thread event loop (recovering from killed browser)
  [OddsPoll] Failed: It looks like you are using Playwright Sync API inside the asyncio loop.
Please use the Async API instead.
  [Health] Reset thread event loop (recovering from killed browser)
  [OddsPoll] Failed: It looks like you are using Playwright Sync API inside the asyncio loop.
Please use the Async API instead.
  [Health] Reset thread event loop (recovering from killed browser)
  [OddsPoll] Failed: It looks like you are using Playwright Sync API inside the asyncio loop.
Please use the Async API instead.
  [Health] Reset thread event loop (recovering from killed browser)
  [OddsPoll] Failed: It looks like you are using Playwright Sync API inside the asyncio loop.
Please use the Async API instead.
  [Health] Reset thread event loop (recovering from killed browser)
  [OddsPoll] Failed: It looks like you are using Playwright Sync API inside the asyncio loop.
Please use the Async API instead.
  [Health] Reset thread event loop (recovering from killed browser)
  [OddsPoll] Failed: It looks like you are using Playwright Sync API inside the asyncio loop.
Please use the Async API instead.
  [Health] Reset thread event loop (recovering from killed browser)
  [OddsPoll] Failed: It looks like you are using Playwright Sync API inside the asyncio loop.
Please use the Async API instead.
  [Health] Reset thread event loop (recovering from killed browser)
  [OddsPoll] Failed: It looks like you are using Playwright Sync API inside the asyncio loop.
Please use the Async API instead.
  [Health] Reset thread event loop (recovering from killed browser)
  [OddsPoll] Failed: It looks like you are using Playwright Sync API inside the asyncio loop.
Please use the Async API instead.
  [Health] Reset thread event loop (recovering from killed browser)
  [OddsPoll] Failed: It looks like you are using Playwright Sync API inside the asyncio loop.
Please use the Async API instead.
  [Health] Reset thread event loop (recovering from killed browser)
  [OddsPoll] Failed: It looks like you are using Playwright Sync API inside the asyncio loop.
Please use the Async API instead.
  [Health] Reset thread event loop (recovering from killed browser)
  [OddsPoll] Failed: It looks like you are using Playwright Sync API inside the asyncio loop.
Please use the Async API instead.
  [Health] Reset thread event loop (recovering from killed browser)
  [OddsPoll] Failed: It looks like you are using Playwright Sync API inside the asyncio loop.
Please use the Async API instead.
  [Health] Reset thread event loop (recovering from killed browser)
  [OddsPoll] Failed: It looks like you are using Playwright Sync API inside the asyncio loop.
Please use the Async API instead.
  [Health] Reset thread event loop (recovering from killed browser)
  [OddsPoll] Failed: It looks like you are using Playwright Sync API inside the asyncio loop.
Please use the Async API instead.
  [Health] Reset thread event loop (recovering from killed browser)
  [OddsPoll] Failed: It looks like you are using Playwright Sync API inside the asyncio loop.
Please use the Async API instead.
  [Health] Reset thread event loop (recovering from killed browser)
  [OddsPoll] Failed: It looks like you are using Playwright Sync API inside the asyncio loop.
Please use the Async API instead.
  [Health] Reset thread event loop (recovering from killed browser)
  [OddsPoll] Failed: It looks like you are using Playwright Sync API inside the asyncio loop.
Please use the Async API instead.
  [Health] Reset thread event loop (recovering from killed browser)
  [OddsPoll] Failed: It looks like you are using Playwright Sync API inside the asyncio loop.
Please use the Async API instead.
  [Health] Reset thread event loop (recovering from killed browser)
  [OddsPoll] Failed: It looks like you are using Playwright Sync API inside the asyncio loop.
Please use the Async API instead.
  [Health] Reset thread event loop (recovering from killed browser)
  [OddsPoll] Failed: It looks like you are using Playwright Sync API inside the asyncio loop.
Please use the Async API instead.
  [Health] Reset thread event loop (recovering from killed browser)
  [OddsPoll] Failed: It looks like you are using Playwright Sync API inside the asyncio loop.
Please use the Async API instead.
  [Health] Reset thread event loop (recovering from killed browser)
  [OddsPoll] Failed: It looks like you are using Playwright Sync API inside the asyncio loop.
Please use the Async API instead.
  [Health] Reset thread event loop (recovering from killed browser)
  [OddsPoll] Failed: It looks like you are using Playwright Sync API inside the asyncio loop.
Please use the Async API instead.
  [Scraper] Pruned 12 odds files older than 24h

  [Scraper] QUICK scrape at 2026-07-09 03:29:43.049230
  [Health] Reset thread event loop (recovering from killed browser)
  [Scraper] Quick scrape failed: It looks like you are using Playwright Sync API inside the asyncio loop.
Please use the Async API instead.
  [Scraper] Rebuilding models...
  [App] Loading football data...
  [Health] Reset thread event loop (recovering from killed browser)
  [OddsPoll] Failed: It looks like you are using Playwright Sync API inside the asyncio loop.
Please use the Async API instead.
  [Data] England: 22860 matches from seasons [1, 2, 3, 4]
  [Data] France: 39437 matches from seasons [1, 2, 3, 4]
  [Data] Germany: 50373 matches from seasons [1, 2, 3, 4]
  [Data] Italy: 58670 matches from seasons [1, 2, 3, 4]
  [Data] Spain: 64260 matches from seasons [1, 2, 3, 4]
  [Data] Turkey: 51966 matches from seasons [1, 2, 3, 4]
  [App] Building Poisson models...
  [App] Evaluating accuracy & building improved models...
  [Health] Reset thread event loop (recovering from killed browser)
  [OddsPoll] Failed: It looks like you are using Playwright Sync API inside the asyncio loop.
Please use the Async API instead.
  [Accuracy] England: 3930 evaluated, 1X2=49.2%, O2.5=54.8%, BTTS=55.0%
  [Accuracy] France: 5891 evaluated, 1X2=46.9%, O2.5=52.5%, BTTS=52.2%
  [Accuracy] Germany: 6047 evaluated, 1X2=47.9%, O2.5=52.8%, BTTS=54.4%
  [Accuracy] Italy: 6590 evaluated, 1X2=48.9%, O2.5=52.4%, BTTS=51.5%
  [Health] Reset thread event loop (recovering from killed browser)
  [OddsPoll] Failed: It looks like you are using Playwright Sync API inside the asyncio loop.
Please use the Async API instead.
  [Accuracy] Spain: 6257 evaluated, 1X2=47.8%, O2.5=53.5%, BTTS=52.2%
  [Accuracy] Turkey: 5721 evaluated, 1X2=45.4%, O2.5=52.8%, BTTS=53.1%
  [App] Loading racing data...
  [Data] Greyhound Racing: 2264 races, venues: London, Santa Monica
  [Data] Horse Racing: 2129 races, venues: Dubai, Golden Gate Fields, Kentucky, Queen Mary, Royal Meadow, San Pablo
  [Data] Motorbike Racing: 1211 races, venues: Southern
  [Data] Speedway Racing: 893 races, venues: Bristol
  [App] Building racing models...
  [App] Models ready: 6 football leagues, 10 racing venues, 342 predictions, 342 improved predictions
  [Health] models_rebuild: ok 07-09 03:29:57  |  odds_scrape: !! 07-09 03:29:54  It looks like you are using Playwright Sync API inside the asyncio loop.
Please use the Async API instead.  |  racing_results: ok 07-08 16:08:44  |  racing_upcoming: ok 07-08 16:48:39  |  results_scrape: ok 07-08 16:08:17  |  virtual_session: ok 07-08 16:07:25
  [Health] Reset thread event loop (recovering from killed browser)
  [OddsPoll] Failed: It looks like you are using Playwright Sync API inside the asyncio loop.
Please use the Async API instead.
  [Health] Reset thread event loop (recovering from killed browser)
  [OddsPoll] Failed: It looks like you are using Playwright Sync API inside the asyncio loop.
Please use the Async API instead.
  [Health] Reset thread event loop (recovering from killed browser)
  [OddsPoll] Failed: It looks like you are using Playwright Sync API inside the asyncio loop.
Please use the Async API instead.
  [Health] Reset thread event loop (recovering from killed browser)
  [OddsPoll] Failed: It looks like you are using Playwright Sync API inside the asyncio loop.
Please use the Async API instead.
  [Health] Reset thread event loop (recovering from killed browser)
  [OddsPoll] Failed: It looks like you are using Playwright Sync API inside the asyncio loop.
Please use the Async API instead.
  [Health] Reset thread event loop (recovering from killed browser)
  [OddsPoll] Failed: It looks like you are using Playwright Sync API inside the asyncio loop.
Please use the Async API instead.
  [Health] Reset thread event loop (recovering from killed browser)
  [OddsPoll] Failed: It looks like you are using Playwright Sync API inside the asyncio loop.
Please use the Async API instead.
  [Health] Reset thread event loop (recovering from killed browser)
  [OddsPoll] Failed: It looks like you are using Playwright Sync API inside the asyncio loop.
Please use the Async API instead.
  [Health] Reset thread event loop (recovering from killed browser)
  [OddsPoll] Failed: It looks like you are using Playwright Sync API inside the asyncio loop.
Please use the Async API instead.
  [Health] Reset thread event loop (recovering from killed browser)
  [OddsPoll] Failed: It looks like you are using Playwright Sync API inside the asyncio loop.
Please use the Async API instead.
  [Health] Reset thread event loop (recovering from killed browser)
  [OddsPoll] Failed: It looks like you are using Playwright Sync API inside the asyncio loop.
Please use the Async API instead.
  [Health] Reset thread event loop (recovering from killed browser)
  [OddsPoll] Failed: It looks like you are using Playwright Sync API inside the asyncio loop.
Please use the Async API instead.
  [Health] Reset thread event loop (recovering from killed browser)
  [OddsPoll] Failed: It looks like you are using Playwright Sync API inside the asyncio loop.
Please use the Async API instead.
  [Health] Reset thread event loop (recovering from killed browser)
  [OddsPoll] Failed: It looks like you are using Playwright Sync API inside the asyncio loop.
Please use the Async API instead.
  [Health] Reset thread event loop (recovering from killed browser)
  [OddsPoll] Failed: It looks like you are using Playwright Sync API inside the asyncio loop.
Please use the Async API instead.
  [Health] Reset thread event loop (recovering from killed browser)
  [OddsPoll] Failed: It looks like you are using Playwright Sync API inside the asyncio loop.
Please use the Async API instead.
  [Health] Reset thread event loop (recovering from killed browser)
  [OddsPoll] Failed: It looks like you are using Playwright Sync API inside the asyncio loop.
Please use the Async API instead.
  [Health] Reset thread event loop (recovering from killed browser)
  [OddsPoll] Failed: It looks like you are using Playwright Sync API inside the asyncio loop.
Please use the Async API instead.
  [Health] Reset thread event loop (recovering from killed browser)
  [OddsPoll] Failed: It looks like you are using Playwright Sync API inside the asyncio loop.
Please use the Async API instead.
  [Health] Reset thread event loop (recovering from killed browser)
  [OddsPoll] Failed: It looks like you are using Playwright Sync API inside the asyncio loop.
Please use the Async API instead.
  [Health] Reset thread event loop (recovering from killed browser)
  [OddsPoll] Failed: It looks like you are using Playwright Sync API inside the asyncio loop.
Please use the Async API instead.
  [Health] Reset thread event loop (recovering from killed browser)
  [OddsPoll] Failed: It looks like you are using Playwright Sync API inside the asyncio loop.
Please use the Async API instead.
  [Health] Reset thread event loop (recovering from killed browser)
  [OddsPoll] Failed: It looks like you are using Playwright Sync API inside the asyncio loop.
Please use the Async API instead.
  [Health] Reset thread event loop (recovering from killed browser)
  [OddsPoll] Failed: It looks like you are using Playwright Sync API inside the asyncio loop.
Please use the Async API instead.
  [Health] Reset thread event loop (recovering from killed browser)
  [OddsPoll] Failed: It looks like you are using Playwright Sync API inside the asyncio loop.
Please use the Async API instead.
  [Health] Reset thread event loop (recovering from killed browser)
  [OddsPoll] Failed: It looks like you are using Playwright Sync API inside the asyncio loop.
Please use the Async API instead.
  [Health] Reset thread event loop (recovering from killed browser)
  [OddsPoll] Failed: It looks like you are using Playwright Sync API inside the asyncio loop.
Please use the Async API instead.
  [Health] Reset thread event loop (recovering from killed browser)
  [OddsPoll] Failed: It looks like you are using Playwright Sync API inside the asyncio loop.
Please use the Async API instead.
  [Health] Reset thread event loop (recovering from killed browser)
  [OddsPoll] Failed: It looks like you are using Playwright Sync API inside the asyncio loop.
Please use the Async API instead.
  [Health] Reset thread event loop (recovering from killed browser)
  [OddsPoll] Failed: It looks like you are using Playwright Sync API inside the asyncio loop.
Please use the Async API instead.
  [Health] Reset thread event loop (recovering from killed browser)
  [OddsPoll] Failed: It looks like you are using Playwright Sync API inside the asyncio loop.
Please use the Async API instead.
  [Health] Reset thread event loop (recovering from killed browser)
  [OddsPoll] Failed: It looks like you are using Playwright Sync API inside the asyncio loop.
Please use the Async API instead.
  [Health] Reset thread event loop (recovering from killed browser)
  [OddsPoll] Failed: It looks like you are using Playwright Sync API inside the asyncio loop.
Please use the Async API instead.
  [Health] Reset thread event loop (recovering from killed browser)
  [OddsPoll] Failed: It looks like you are using Playwright Sync API inside the asyncio loop.
Please use the Async API instead.
  [Health] Reset thread event loop (recovering from killed browser)
  [OddsPoll] Failed: It looks like you are using Playwright Sync API inside the asyncio loop.
Please use the Async API instead.
  [Health] Reset thread event loop (recovering from killed browser)
  [OddsPoll] Failed: It looks like you are using Playwright Sync API inside the asyncio loop.
Please use the Async API instead.
  [Health] Reset thread event loop (recovering from killed browser)
  [OddsPoll] Failed: It looks like you are using Playwright Sync API inside the asyncio loop.
Please use the Async API instead.
  [Health] Reset thread event loop (recovering from killed browser)
  [OddsPoll] Failed: It looks like you are using Playwright Sync API inside the asyncio loop.
Please use the Async API instead.
  [Health] Reset thread event loop (recovering from killed browser)
  [OddsPoll] Failed: It looks like you are using Playwright Sync API inside the asyncio loop.
Please use the Async API instead.
  [Health] Reset thread event loop (recovering from killed browser)
  [OddsPoll] Failed: It looks like you are using Playwright Sync API inside the asyncio loop.
Please use the Async API instead.
  [Health] Reset thread event loop (recovering from killed browser)
  [OddsPoll] Failed: It looks like you are using Playwright Sync API inside the asyncio loop.
Please use the Async API instead.
  [Health] Reset thread event loop (recovering from killed browser)
  [OddsPoll] Failed: It looks like you are using Playwright Sync API inside the asyncio loop.
Please use the Async API instead.
  [Health] Reset thread event loop (recovering from killed browser)
  [OddsPoll] Failed: It looks like you are using Playwright Sync API inside the asyncio loop.
Please use the Async API instead.
  [Health] Reset thread event loop (recovering from killed browser)
  [OddsPoll] Failed: It looks like you are using Playwright Sync API inside the asyncio loop.
Please use the Async API instead.
  [Health] Reset thread event loop (recovering from killed browser)
  [OddsPoll] Failed: It looks like you are using Playwright Sync API inside the asyncio loop.
Please use the Async API instead.
  [Health] Reset thread event loop (recovering from killed browser)
  [OddsPoll] Failed: It looks like you are using Playwright Sync API inside the asyncio loop.
Please use the Async API instead.
  [Health] Reset thread event loop (recovering from killed browser)
  [OddsPoll] Failed: It looks like you are using Playwright Sync API inside the asyncio loop.
Please use the Async API instead.
  [Health] Reset thread event loop (recovering from killed browser)
  [OddsPoll] Failed: It looks like you are using Playwright Sync API inside the asyncio loop.
Please use the Async API instead.
  [Health] Reset thread event loop (recovering from killed browser)
  [OddsPoll] Failed: It looks like you are using Playwright Sync API inside the asyncio loop.
Please use the Async API instead.
  [Health] Reset thread event loop (recovering from killed browser)
  [OddsPoll] Failed: It looks like you are using Playwright Sync API inside the asyncio loop.
Please use the Async API instead.
  [Health] Reset thread event loop (recovering from killed browser)
  [OddsPoll] Failed: It looks like you are using Playwright Sync API inside the asyncio loop.
Please use the Async API instead.
  [Health] Reset thread event loop (recovering from killed browser)
  [OddsPoll] Failed: It looks like you are using Playwright Sync API inside the asyncio loop.
Please use the Async API instead.
  [Health] Reset thread event loop (recovering from killed browser)
  [OddsPoll] Failed: It looks like you are using Playwright Sync API inside the asyncio loop.
Please use the Async API instead.
  [Health] Reset thread event loop (recovering from killed browser)
  [OddsPoll] Failed: It looks like you are using Playwright Sync API inside the asyncio loop.
Please use the Async API instead.
  [Health] Reset thread event loop (recovering from killed browser)
  [OddsPoll] Failed: It looks like you are using Playwright Sync API inside the asyncio loop.
Please use the Async API instead.
  [Health] Reset thread event loop (recovering from killed browser)
  [OddsPoll] Failed: It looks like you are using Playwright Sync API inside the asyncio loop.
Please use the Async API instead.
  [Health] Reset thread event loop (recovering from killed browser)
  [OddsPoll] Failed: It looks like you are using Playwright Sync API inside the asyncio loop.
Please use the Async API instead.
  [Health] Reset thread event loop (recovering from killed browser)
  [OddsPoll] Failed: It looks like you are using Playwright Sync API inside the asyncio loop.
Please use the Async API instead.
  [Health] Reset thread event loop (recovering from killed browser)
  [OddsPoll] Failed: It looks like you are using Playwright Sync API inside the asyncio loop.
Please use the Async API instead.
  [Health] Reset thread event loop (recovering from killed browser)
  [OddsPoll] Failed: It looks like you are using Playwright Sync API inside the asyncio loop.
Please use the Async API instead.
  [Scraper] Pruned 12 odds files older than 24h

  [Scraper] QUICK scrape at 2026-07-09 03:34:57.900739
  [Health] Reset thread event loop (recovering from killed browser)
  [Scraper] Quick scrape failed: It looks like you are using Playwright Sync API inside the asyncio loop.
Please use the Async API instead.
  [Scraper] Rebuilding models...
  [App] Loading football data...
  [Health] Reset thread event loop (recovering from killed browser)
  [OddsPoll] Failed: It looks like you are using Playwright Sync API inside the asyncio loop.
Please use the Async API instead.
  [Data] England: 22860 matches from seasons [1, 2, 3, 4]
  [Data] France: 39437 matches from seasons [1, 2, 3, 4]
  [Data] Germany: 50373 matches from seasons [1, 2, 3, 4]
  [Data] Italy: 58670 matches from seasons [1, 2, 3, 4]
  [Data] Spain: 64260 matches from seasons [1, 2, 3, 4]
  [Data] Turkey: 51966 matches from seasons [1, 2, 3, 4]
  [App] Building Poisson models...
  [App] Evaluating accuracy & building improved models...
  [Accuracy] England: 3930 evaluated, 1X2=49.2%, O2.5=54.8%, BTTS=55.0%
  [Accuracy] France: 5891 evaluated, 1X2=46.9%, O2.5=52.5%, BTTS=52.2%
  [Health] Reset thread event loop (recovering from killed browser)
  [OddsPoll] Failed: It looks like you are using Playwright Sync API inside the asyncio loop.
Please use the Async API instead.
  [Accuracy] Germany: 6047 evaluated, 1X2=47.9%, O2.5=52.8%, BTTS=54.4%
  [Accuracy] Italy: 6590 evaluated, 1X2=48.9%, O2.5=52.4%, BTTS=51.5%
  [Accuracy] Spain: 6257 evaluated, 1X2=47.8%, O2.5=53.5%, BTTS=52.2%
  [Accuracy] Turkey: 5721 evaluated, 1X2=45.4%, O2.5=52.8%, BTTS=53.1%
  [App] Loading racing data...
  [Health] Reset thread event loop (recovering from killed browser)
  [OddsPoll] Failed: It looks like you are using Playwright Sync API inside the asyncio loop.
Please use the Async API instead.
  [Data] Greyhound Racing: 2264 races, venues: London, Santa Monica
  [Data] Horse Racing: 2129 races, venues: Dubai, Golden Gate Fields, Kentucky, Queen Mary, Royal Meadow, San Pablo
  [Data] Motorbike Racing: 1211 races, venues: Southern
  [Data] Speedway Racing: 893 races, venues: Bristol
  [App] Building racing models...
  [App] Models ready: 6 football leagues, 10 racing venues, 342 predictions, 342 improved predictions
  [Health] models_rebuild: ok 07-09 03:35:11  |  odds_scrape: !! 07-09 03:35:10  It looks like you are using Playwright Sync API inside the asyncio loop.
Please use the Async API instead.  |  racing_results: ok 07-08 16:08:44  |  racing_upcoming: ok 07-08 16:48:39  |  results_scrape: ok 07-08 16:08:17  |  virtual_session: ok 07-08 16:07:25
  [Health] Reset thread event loop (recovering from killed browser)
  [OddsPoll] Failed: It looks like you are using Playwright Sync API inside the asyncio loop.
Please use the Async API instead.
  [Health] Reset thread event loop (recovering from killed browser)
  [OddsPoll] Failed: It looks like you are using Playwright Sync API inside the asyncio loop.
Please use the Async API instead.
  [Health] Reset thread event loop (recovering from killed browser)
  [OddsPoll] Failed: It looks like you are using Playwright Sync API inside the asyncio loop.
Please use the Async API instead.
  [Health] Reset thread event loop (recovering from killed browser)
  [OddsPoll] Failed: It looks like you are using Playwright Sync API inside the asyncio loop.
Please use the Async API instead.
  [Health] Reset thread event loop (recovering from killed browser)
  [OddsPoll] Failed: It looks like you are using Playwright Sync API inside the asyncio loop.
Please use the Async API instead.
  [Health] Reset thread event loop (recovering from killed browser)
  [OddsPoll] Failed: It looks like you are using Playwright Sync API inside the asyncio loop.
Please use the Async API instead.
  [Health] Reset thread event loop (recovering from killed browser)
  [OddsPoll] Failed: It looks like you are using Playwright Sync API inside the asyncio loop.
Please use the Async API instead.
  [Health] Reset thread event loop (recovering from killed browser)
  [OddsPoll] Failed: It looks like you are using Playwright Sync API inside the asyncio loop.
Please use the Async API instead.
  [Health] Reset thread event loop (recovering from killed browser)
  [OddsPoll] Failed: It looks like you are using Playwright Sync API inside the asyncio loop.
Please use the Async API instead.
  [Health] Reset thread event loop (recovering from killed browser)
  [OddsPoll] Failed: It looks like you are using Playwright Sync API inside the asyncio loop.
Please use the Async API instead.
  [Health] Reset thread event loop (recovering from killed browser)
  [OddsPoll] Failed: It looks like you are using Playwright Sync API inside the asyncio loop.
Please use the Async API instead.
  [Health] Reset thread event loop (recovering from killed browser)
  [OddsPoll] Failed: It looks like you are using Playwright Sync API inside the asyncio loop.
Please use the Async API instead.
  [Health] Reset thread event loop (recovering from killed browser)
  [OddsPoll] Failed: It looks like you are using Playwright Sync API inside the asyncio loop.
Please use the Async API instead.
  [Health] Reset thread event loop (recovering from killed browser)
  [OddsPoll] Failed: It looks like you are using Playwright Sync API inside the asyncio loop.
Please use the Async API instead.
  [Health] Reset thread event loop (recovering from killed browser)
  [OddsPoll] Failed: It looks like you are using Playwright Sync API inside the asyncio loop.
Please use the Async API instead.
  [Health] Reset thread event loop (recovering from killed browser)
  [OddsPoll] Failed: It looks like you are using Playwright Sync API inside the asyncio loop.
Please use the Async API instead.
  [Health] Reset thread event loop (recovering from killed browser)
  [OddsPoll] Failed: It looks like you are using Playwright Sync API inside the asyncio loop.
Please use the Async API instead.
  [Health] Reset thread event loop (recovering from killed browser)
  [OddsPoll] Failed: It looks like you are using Playwright Sync API inside the asyncio loop.
Please use the Async API instead.
  [Health] Reset thread event loop (recovering from killed browser)
  [OddsPoll] Failed: It looks like you are using Playwright Sync API inside the asyncio loop.
Please use the Async API instead.
  [Health] Reset thread event loop (recovering from killed browser)
  [OddsPoll] Failed: It looks like you are using Playwright Sync API inside the asyncio loop.
Please use the Async API instead.
  [Health] Reset thread event loop (recovering from killed browser)
  [OddsPoll] Failed: It looks like you are using Playwright Sync API inside the asyncio loop.
Please use the Async API instead.
  [Health] Reset thread event loop (recovering from killed browser)
  [OddsPoll] Failed: It looks like you are using Playwright Sync API inside the asyncio loop.
Please use the Async API instead.
  [Health] Reset thread event loop (recovering from killed browser)
  [OddsPoll] Failed: It looks like you are using Playwright Sync API inside the asyncio loop.
Please use the Async API instead.
  [Health] Reset thread event loop (recovering from killed browser)
  [OddsPoll] Failed: It looks like you are using Playwright Sync API inside the asyncio loop.
Please use the Async API instead.
  [Health] Reset thread event loop (recovering from killed browser)
  [OddsPoll] Failed: It looks like you are using Playwright Sync API inside the asyncio loop.
Please use the Async API instead.
  [Health] Reset thread event loop (recovering from killed browser)
  [OddsPoll] Failed: It looks like you are using Playwright Sync API inside the asyncio loop.
Please use the Async API instead.
  [Health] Reset thread event loop (recovering from killed browser)
  [OddsPoll] Failed: It looks like you are using Playwright Sync API inside the asyncio loop.
Please use the Async API instead.
  [Health] Reset thread event loop (recovering from killed browser)
  [OddsPoll] Failed: It looks like you are using Playwright Sync API inside the asyncio loop.
Please use the Async API instead.
  [Health] Reset thread event loop (recovering from killed browser)
  [OddsPoll] Failed: It looks like you are using Playwright Sync API inside the asyncio loop.
Please use the Async API instead.
  [Health] Reset thread event loop (recovering from killed browser)
  [OddsPoll] Failed: It looks like you are using Playwright Sync API inside the asyncio loop.
Please use the Async API instead.
  [Health] Reset thread event loop (recovering from killed browser)
  [OddsPoll] Failed: It looks like you are using Playwright Sync API inside the asyncio loop.
Please use the Async API instead.
  [Health] Reset thread event loop (recovering from killed browser)
  [OddsPoll] Failed: It looks like you are using Playwright Sync API inside the asyncio loop.
Please use the Async API instead.
  [Health] Reset thread event loop (recovering from killed browser)
  [OddsPoll] Failed: It looks like you are using Playwright Sync API inside the asyncio loop.
Please use the Async API instead.
  [Health] Reset thread event loop (recovering from killed browser)
  [OddsPoll] Failed: It looks like you are using Playwright Sync API inside the asyncio loop.
Please use the Async API instead.
  [Health] Reset thread event loop (recovering from killed browser)
  [OddsPoll] Failed: It looks like you are using Playwright Sync API inside the asyncio loop.
Please use the Async API instead.
  [Health] Reset thread event loop (recovering from killed browser)
  [OddsPoll] Failed: It looks like you are using Playwright Sync API inside the asyncio loop.
Please use the Async API instead.
  [Health] Reset thread event loop (recovering from killed browser)
  [OddsPoll] Failed: It looks like you are using Playwright Sync API inside the asyncio loop.
Please use the Async API instead.
  [Health] Reset thread event loop (recovering from killed browser)
  [OddsPoll] Failed: It looks like you are using Playwright Sync API inside the asyncio loop.
Please use the Async API instead.
  [Health] Reset thread event loop (recovering from killed browser)
  [OddsPoll] Failed: It looks like you are using Playwright Sync API inside the asyncio loop.
Please use the Async API instead.
  [Health] Reset thread event loop (recovering from killed browser)
  [OddsPoll] Failed: It looks like you are using Playwright Sync API inside the asyncio loop.
Please use the Async API instead.
  [Health] Reset thread event loop (recovering from killed browser)
  [OddsPoll] Failed: It looks like you are using Playwright Sync API inside the asyncio loop.
Please use the Async API instead.
  [Health] Reset thread event loop (recovering from killed browser)
  [OddsPoll] Failed: It looks like you are using Playwright Sync API inside the asyncio loop.
Please use the Async API instead.
  [Health] Reset thread event loop (recovering from killed browser)
  [OddsPoll] Failed: It looks like you are using Playwright Sync API inside the asyncio loop.
Please use the Async API instead.
  [Health] Reset thread event loop (recovering from killed browser)
  [OddsPoll] Failed: It looks like you are using Playwright Sync API inside the asyncio loop.
Please use the Async API instead.
  [Health] Reset thread event loop (recovering from killed browser)
  [OddsPoll] Failed: It looks like you are using Playwright Sync API inside the asyncio loop.
Please use the Async API instead.
  [Health] Reset thread event loop (recovering from killed browser)
  [OddsPoll] Failed: It looks like you are using Playwright Sync API inside the asyncio loop.
Please use the Async API instead.
  [Health] Reset thread event loop (recovering from killed browser)
  [OddsPoll] Failed: It looks like you are using Playwright Sync API inside the asyncio loop.
Please use the Async API instead.
  [Health] Reset thread event loop (recovering from killed browser)
  [OddsPoll] Failed: It looks like you are using Playwright Sync API inside the asyncio loop.
Please use the Async API instead.
  [Health] Reset thread event loop (recovering from killed browser)
  [OddsPoll] Failed: It looks like you are using Playwright Sync API inside the asyncio loop.
Please use the Async API instead.
  [Health] Reset thread event loop (recovering from killed browser)
  [OddsPoll] Failed: It looks like you are using Playwright Sync API inside the asyncio loop.
Please use the Async API instead.
  [Health] Reset thread event loop (recovering from killed browser)
  [OddsPoll] Failed: It looks like you are using Playwright Sync API inside the asyncio loop.
Please use the Async API instead.
  [Health] Reset thread event loop (recovering from killed browser)
  [OddsPoll] Failed: It looks like you are using Playwright Sync API inside the asyncio loop.
Please use the Async API instead.
  [Health] Reset thread event loop (recovering from killed browser)
  [OddsPoll] Failed: It looks like you are using Playwright Sync API inside the asyncio loop.
Please use the Async API instead.
  [Health] Reset thread event loop (recovering from killed browser)
  [OddsPoll] Failed: It looks like you are using Playwright Sync API inside the asyncio loop.
Please use the Async API instead.
  [Health] Reset thread event loop (recovering from killed browser)
  [OddsPoll] Failed: It looks like you are using Playwright Sync API inside the asyncio loop.
Please use the Async API instead.
  [Health] Reset thread event loop (recovering from killed browser)
  [OddsPoll] Failed: It looks like you are using Playwright Sync API inside the asyncio loop.
Please use the Async API instead.
  [Health] Reset thread event loop (recovering from killed browser)
  [OddsPoll] Failed: It looks like you are using Playwright Sync API inside the asyncio loop.
Please use the Async API instead.
  [Health] Reset thread event loop (recovering from killed browser)
  [OddsPoll] Failed: It looks like you are using Playwright Sync API inside the asyncio loop.
Please use the Async API instead.
  [Health] Reset thread event loop (recovering from killed browser)
  [OddsPoll] Failed: It looks like you are using Playwright Sync API inside the asyncio loop.
Please use the Async API instead.
  [Health] Reset thread event loop (recovering from killed browser)
  [OddsPoll] Failed: It looks like you are using Playwright Sync API inside the asyncio loop.
Please use the Async API instead.
  [Scraper] Pruned 12 odds files older than 24h

  [Scraper] QUICK scrape at 2026-07-09 03:40:11.102312
  [Health] Reset thread event loop (recovering from killed browser)
  [Scraper] Quick scrape failed: It looks like you are using Playwright Sync API inside the asyncio loop.
Please use the Async API instead.
  [Scraper] Rebuilding models...
  [App] Loading football data...
  [Data] England: 22860 matches from seasons [1, 2, 3, 4]
  [Data] France: 39437 matches from seasons [1, 2, 3, 4]
  [Data] Germany: 50373 matches from seasons [1, 2, 3, 4]
  [Data] Italy: 58670 matches from seasons [1, 2, 3, 4]
  [Data] Spain: 64260 matches from seasons [1, 2, 3, 4]
  [Data] Turkey: 51966 matches from seasons [1, 2, 3, 4]
  [App] Building Poisson models...
  [App] Evaluating accuracy & building improved models...
  [Health] Reset thread event loop (recovering from killed browser)
  [OddsPoll] Failed: It looks like you are using Playwright Sync API inside the asyncio loop.
Please use the Async API instead.
  [Accuracy] England: 3930 evaluated, 1X2=49.2%, O2.5=54.8%, BTTS=55.0%
  [Accuracy] France: 5891 evaluated, 1X2=46.9%, O2.5=52.5%, BTTS=52.2%
  [Accuracy] Germany: 6047 evaluated, 1X2=47.9%, O2.5=52.8%, BTTS=54.4%
  [Accuracy] Italy: 6590 evaluated, 1X2=48.9%, O2.5=52.4%, BTTS=51.5%
  [Accuracy] Spain: 6257 evaluated, 1X2=47.8%, O2.5=53.5%, BTTS=52.2%
  [Health] Reset thread event loop (recovering from killed browser)
  [OddsPoll] Failed: It looks like you are using Playwright Sync API inside the asyncio loop.
Please use the Async API instead.
  [Accuracy] Turkey: 5721 evaluated, 1X2=45.4%, O2.5=52.8%, BTTS=53.1%
  [App] Loading racing data...
  [Data] Greyhound Racing: 2264 races, venues: London, Santa Monica
  [Data] Horse Racing: 2129 races, venues: Dubai, Golden Gate Fields, Kentucky, Queen Mary, Royal Meadow, San Pablo
  [Data] Motorbike Racing: 1211 races, venues: Southern
  [Data] Speedway Racing: 893 races, venues: Bristol
  [App] Building racing models...
  [App] Models ready: 6 football leagues, 10 racing venues, 342 predictions, 342 improved predictions
  [Health] models_rebuild: ok 07-09 03:40:21  |  odds_scrape: !! 07-09 03:40:20  It looks like you are using Playwright Sync API inside the asyncio loop.
Please use the Async API instead.  |  racing_results: ok 07-08 16:08:44  |  racing_upcoming: ok 07-08 16:48:39  |  results_scrape: ok 07-08 16:08:17  |  virtual_session: ok 07-08 16:07:25
  [Health] Reset thread event loop (recovering from killed browser)
  [OddsPoll] Failed: It looks like you are using Playwright Sync API inside the asyncio loop.
Please use the Async API instead.
  [Health] Reset thread event loop (recovering from killed browser)
  [OddsPoll] Failed: It looks like you are using Playwright Sync API inside the asyncio loop.
Please use the Async API instead.
  [Health] Reset thread event loop (recovering from killed browser)
  [OddsPoll] Failed: It looks like you are using Playwright Sync API inside the asyncio loop.
Please use the Async API instead.
  [Health] Reset thread event loop (recovering from killed browser)
  [OddsPoll] Failed: It looks like you are using Playwright Sync API inside the asyncio loop.
Please use the Async API instead.
  [Health] Reset thread event loop (recovering from killed browser)
  [OddsPoll] Failed: It looks like you are using Playwright Sync API inside the asyncio loop.
Please use the Async API instead.
  [Health] Reset thread event loop (recovering from killed browser)
  [OddsPoll] Failed: It looks like you are using Playwright Sync API inside the asyncio loop.
Please use the Async API instead.
  [Health] Reset thread event loop (recovering from killed browser)
  [OddsPoll] Failed: It looks like you are using Playwright Sync API inside the asyncio loop.
Please use the Async API instead.
  [Health] Reset thread event loop (recovering from killed browser)
  [OddsPoll] Failed: It looks like you are using Playwright Sync API inside the asyncio loop.
Please use the Async API instead.
  [Health] Reset thread event loop (recovering from killed browser)
  [OddsPoll] Failed: It looks like you are using Playwright Sync API inside the asyncio loop.
Please use the Async API instead.
  [Health] Reset thread event loop (recovering from killed browser)
  [OddsPoll] Failed: It looks like you are using Playwright Sync API inside the asyncio loop.
Please use the Async API instead.
  [Health] Reset thread event loop (recovering from killed browser)
  [OddsPoll] Failed: It looks like you are using Playwright Sync API inside the asyncio loop.
Please use the Async API instead.
  [Health] Reset thread event loop (recovering from killed browser)
  [OddsPoll] Failed: It looks like you are using Playwright Sync API inside the asyncio loop.
Please use the Async API instead.
  [Health] Reset thread event loop (recovering from killed browser)
  [OddsPoll] Failed: It looks like you are using Playwright Sync API inside the asyncio loop.
Please use the Async API instead.
  [Health] Reset thread event loop (recovering from killed browser)
  [OddsPoll] Failed: It looks like you are using Playwright Sync API inside the asyncio loop.
Please use the Async API instead.
  [Health] Reset thread event loop (recovering from killed browser)
  [OddsPoll] Failed: It looks like you are using Playwright Sync API inside the asyncio loop.
Please use the Async API instead.
  [Health] Reset thread event loop (recovering from killed browser)
  [OddsPoll] Failed: It looks like you are using Playwright Sync API inside the asyncio loop.
Please use the Async API instead.
  [Health] Reset thread event loop (recovering from killed browser)
  [OddsPoll] Failed: It looks like you are using Playwright Sync API inside the asyncio loop.
Please use the Async API instead.
  [Health] Reset thread event loop (recovering from killed browser)
  [OddsPoll] Failed: It looks like you are using Playwright Sync API inside the asyncio loop.
Please use the Async API instead.
  [Health] Reset thread event loop (recovering from killed browser)
  [OddsPoll] Failed: It looks like you are using Playwright Sync API inside the asyncio loop.
Please use the Async API instead.
  [Health] Reset thread event loop (recovering from killed browser)
  [OddsPoll] Failed: It looks like you are using Playwright Sync API inside the asyncio loop.
Please use the Async API instead.
  [Health] Reset thread event loop (recovering from killed browser)
  [OddsPoll] Failed: It looks like you are using Playwright Sync API inside the asyncio loop.
Please use the Async API instead.
  [Health] Reset thread event loop (recovering from killed browser)
  [OddsPoll] Failed: It looks like you are using Playwright Sync API inside the asyncio loop.
Please use the Async API instead.
  [Health] Reset thread event loop (recovering from killed browser)
  [OddsPoll] Failed: It looks like you are using Playwright Sync API inside the asyncio loop.
Please use the Async API instead.
  [Health] Reset thread event loop (recovering from killed browser)
  [OddsPoll] Failed: It looks like you are using Playwright Sync API inside the asyncio loop.
Please use the Async API instead.
  [Health] Reset thread event loop (recovering from killed browser)
  [OddsPoll] Failed: It looks like you are using Playwright Sync API inside the asyncio loop.
Please use the Async API instead.
  [Health] Reset thread event loop (recovering from killed browser)
  [OddsPoll] Failed: It looks like you are using Playwright Sync API inside the asyncio loop.
Please use the Async API instead.
  [Health] Reset thread event loop (recovering from killed browser)
  [OddsPoll] Failed: It looks like you are using Playwright Sync API inside the asyncio loop.
Please use the Async API instead.
  [Health] Reset thread event loop (recovering from killed browser)
  [OddsPoll] Failed: It looks like you are using Playwright Sync API inside the asyncio loop.
Please use the Async API instead.
  [Health] Reset thread event loop (recovering from killed browser)
  [OddsPoll] Failed: It looks like you are using Playwright Sync API inside the asyncio loop.
Please use the Async API instead.
  [Health] Reset thread event loop (recovering from killed browser)
  [OddsPoll] Failed: It looks like you are using Playwright Sync API inside the asyncio loop.
Please use the Async API instead.
  [Health] Reset thread event loop (recovering from killed browser)
  [OddsPoll] Failed: It looks like you are using Playwright Sync API inside the asyncio loop.
Please use the Async API instead.
  [Health] Reset thread event loop (recovering from killed browser)
  [OddsPoll] Failed: It looks like you are using Playwright Sync API inside the asyncio loop.
Please use the Async API instead.
  [Health] Reset thread event loop (recovering from killed browser)
  [OddsPoll] Failed: It looks like you are using Playwright Sync API inside the asyncio loop.
Please use the Async API instead.
  [Health] Reset thread event loop (recovering from killed browser)
  [OddsPoll] Failed: It looks like you are using Playwright Sync API inside the asyncio loop.
Please use the Async API instead.
  [Health] Reset thread event loop (recovering from killed browser)
  [OddsPoll] Failed: It looks like you are using Playwright Sync API inside the asyncio loop.
Please use the Async API instead.
  [Health] Reset thread event loop (recovering from killed browser)
  [OddsPoll] Failed: It looks like you are using Playwright Sync API inside the asyncio loop.
Please use the Async API instead.
  [Health] Reset thread event loop (recovering from killed browser)
  [OddsPoll] Failed: It looks like you are using Playwright Sync API inside the asyncio loop.
Please use the Async API instead.
  [Health] Reset thread event loop (recovering from killed browser)
  [OddsPoll] Failed: It looks like you are using Playwright Sync API inside the asyncio loop.
Please use the Async API instead.
  [Health] Reset thread event loop (recovering from killed browser)
  [OddsPoll] Failed: It looks like you are using Playwright Sync API inside the asyncio loop.
Please use the Async API instead.
  [Health] Reset thread event loop (recovering from killed browser)
  [OddsPoll] Failed: It looks like you are using Playwright Sync API inside the asyncio loop.
Please use the Async API instead.
  [Health] Reset thread event loop (recovering from killed browser)
  [OddsPoll] Failed: It looks like you are using Playwright Sync API inside the asyncio loop.
Please use the Async API instead.
  [Health] Reset thread event loop (recovering from killed browser)
  [OddsPoll] Failed: It looks like you are using Playwright Sync API inside the asyncio loop.
Please use the Async API instead.
  [Health] Reset thread event loop (recovering from killed browser)
  [OddsPoll] Failed: It looks like you are using Playwright Sync API inside the asyncio loop.
Please use the Async API instead.
  [Health] Reset thread event loop (recovering from killed browser)
  [OddsPoll] Failed: It looks like you are using Playwright Sync API inside the asyncio loop.
Please use the Async API instead.
  [Health] Reset thread event loop (recovering from killed browser)
  [OddsPoll] Failed: It looks like you are using Playwright Sync API inside the asyncio loop.
Please use the Async API instead.
  [Health] Reset thread event loop (recovering from killed browser)
  [OddsPoll] Failed: It looks like you are using Playwright Sync API inside the asyncio loop.
Please use the Async API instead.
  [Health] Reset thread event loop (recovering from killed browser)
  [OddsPoll] Failed: It looks like you are using Playwright Sync API inside the asyncio loop.
Please use the Async API instead.
  [Health] Reset thread event loop (recovering from killed browser)
  [OddsPoll] Failed: It looks like you are using Playwright Sync API inside the asyncio loop.
Please use the Async API instead.
  [Health] Reset thread event loop (recovering from killed browser)
  [OddsPoll] Failed: It looks like you are using Playwright Sync API inside the asyncio loop.
Please use the Async API instead.
  [Health] Reset thread event loop (recovering from killed browser)
  [OddsPoll] Failed: It looks like you are using Playwright Sync API inside the asyncio loop.
Please use the Async API instead.
  [Health] Reset thread event loop (recovering from killed browser)
  [OddsPoll] Failed: It looks like you are using Playwright Sync API inside the asyncio loop.
Please use the Async API instead.
  [Health] Reset thread event loop (recovering from killed browser)
  [OddsPoll] Failed: It looks like you are using Playwright Sync API inside the asyncio loop.
Please use the Async API instead.
  [Health] Reset thread event loop (recovering from killed browser)
  [OddsPoll] Failed: It looks like you are using Playwright Sync API inside the asyncio loop.
Please use the Async API instead.
  [Health] Reset thread event loop (recovering from killed browser)
  [OddsPoll] Failed: It looks like you are using Playwright Sync API inside the asyncio loop.
Please use the Async API instead.
  [Health] Reset thread event loop (recovering from killed browser)
  [OddsPoll] Failed: It looks like you are using Playwright Sync API inside the asyncio loop.
Please use the Async API instead.
  [Health] Reset thread event loop (recovering from killed browser)
  [OddsPoll] Failed: It looks like you are using Playwright Sync API inside the asyncio loop.
Please use the Async API instead.
  [Health] Reset thread event loop (recovering from killed browser)
  [OddsPoll] Failed: It looks like you are using Playwright Sync API inside the asyncio loop.
Please use the Async API instead.
  [Health] Reset thread event loop (recovering from killed browser)
  [OddsPoll] Failed: It looks like you are using Playwright Sync API inside the asyncio loop.
Please use the Async API instead.
  [Health] Reset thread event loop (recovering from killed browser)
  [OddsPoll] Failed: It looks like you are using Playwright Sync API inside the asyncio loop.
Please use the Async API instead.
  [Health] Reset thread event loop (recovering from killed browser)
  [OddsPoll] Failed: It looks like you are using Playwright Sync API inside the asyncio loop.
Please use the Async API instead.
  [Scraper] Pruned 12 odds files older than 24h

  [Scraper] QUICK scrape at 2026-07-09 03:45:21.982326
  [Health] Reset thread event loop (recovering from killed browser)
  [Scraper] Quick scrape failed: It looks like you are using Playwright Sync API inside the asyncio loop.
Please use the Async API instead.
  [Scraper] Rebuilding models...
  [App] Loading football data...
  [Data] England: 22860 matches from seasons [1, 2, 3, 4]
  [Data] France: 39437 matches from seasons [1, 2, 3, 4]
  [Data] Germany: 50373 matches from seasons [1, 2, 3, 4]
  [Data] Italy: 58670 matches from seasons [1, 2, 3, 4]
  [Data] Spain: 64260 matches from seasons [1, 2, 3, 4]
  [Data] Turkey: 51966 matches from seasons [1, 2, 3, 4]
  [App] Building Poisson models...
  [Health] Reset thread event loop (recovering from killed browser)
  [OddsPoll] Failed: It looks like you are using Playwright Sync API inside the asyncio loop.
Please use the Async API instead.
  [App] Evaluating accuracy & building improved models...
  [Accuracy] England: 3930 evaluated, 1X2=49.2%, O2.5=54.8%, BTTS=55.0%
  [Accuracy] France: 5891 evaluated, 1X2=46.9%, O2.5=52.5%, BTTS=52.2%
  [Accuracy] Germany: 6047 evaluated, 1X2=47.9%, O2.5=52.8%, BTTS=54.4%
  [Accuracy] Italy: 6590 evaluated, 1X2=48.9%, O2.5=52.4%, BTTS=51.5%
  [Accuracy] Spain: 6257 evaluated, 1X2=47.8%, O2.5=53.5%, BTTS=52.2%
  [Health] Reset thread event loop (recovering from killed browser)
  [OddsPoll] Failed: It looks like you are using Playwright Sync API inside the asyncio loop.
Please use the Async API instead.
  [Accuracy] Turkey: 5721 evaluated, 1X2=45.4%, O2.5=52.8%, BTTS=53.1%
  [App] Loading racing data...
  [Data] Greyhound Racing: 2264 races, venues: London, Santa Monica
  [Data] Horse Racing: 2129 races, venues: Dubai, Golden Gate Fields, Kentucky, Queen Mary, Royal Meadow, San Pablo
  [Data] Motorbike Racing: 1211 races, venues: Southern
  [Data] Speedway Racing: 893 races, venues: Bristol
  [App] Building racing models...
  [App] Models ready: 6 football leagues, 10 racing venues, 342 predictions, 342 improved predictions
  [Health] models_rebuild: ok 07-09 03:45:33  |  odds_scrape: !! 07-09 03:45:31  It looks like you are using Playwright Sync API inside the asyncio loop.
Please use the Async API instead.  |  racing_results: ok 07-08 16:08:44  |  racing_upcoming: ok 07-08 16:48:39  |  results_scrape: ok 07-08 16:08:17  |  virtual_session: ok 07-08 16:07:25
  [Health] Reset thread event loop (recovering from killed browser)
  [OddsPoll] Failed: It looks like you are using Playwright Sync API inside the asyncio loop.
Please use the Async API instead.
  [Health] Reset thread event loop (recovering from killed browser)
  [OddsPoll] Failed: It looks like you are using Playwright Sync API inside the asyncio loop.
Please use the Async API instead.
  [Health] Reset thread event loop (recovering from killed browser)
  [OddsPoll] Failed: It looks like you are using Playwright Sync API inside the asyncio loop.
Please use the Async API instead.
  [Health] Reset thread event loop (recovering from killed browser)
  [OddsPoll] Failed: It looks like you are using Playwright Sync API inside the asyncio loop.
Please use the Async API instead.
  [Health] Reset thread event loop (recovering from killed browser)
  [OddsPoll] Failed: It looks like you are using Playwright Sync API inside the asyncio loop.
Please use the Async API instead.
  [Health] Reset thread event loop (recovering from killed browser)
  [OddsPoll] Failed: It looks like you are using Playwright Sync API inside the asyncio loop.
Please use the Async API instead.
  [Health] Reset thread event loop (recovering from killed browser)
  [OddsPoll] Failed: It looks like you are using Playwright Sync API inside the asyncio loop.
Please use the Async API instead.
  [Health] Reset thread event loop (recovering from killed browser)
  [OddsPoll] Failed: It looks like you are using Playwright Sync API inside the asyncio loop.
Please use the Async API instead.
  [Health] Reset thread event loop (recovering from killed browser)
  [OddsPoll] Failed: It looks like you are using Playwright Sync API inside the asyncio loop.
Please use the Async API instead.
  [Health] Reset thread event loop (recovering from killed browser)
  [OddsPoll] Failed: It looks like you are using Playwright Sync API inside the asyncio loop.
Please use the Async API instead.
  [Health] Reset thread event loop (recovering from killed browser)
  [OddsPoll] Failed: It looks like you are using Playwright Sync API inside the asyncio loop.
Please use the Async API instead.
  [Health] Reset thread event loop (recovering from killed browser)
  [OddsPoll] Failed: It looks like you are using Playwright Sync API inside the asyncio loop.
Please use the Async API instead.
  [Health] Reset thread event loop (recovering from killed browser)
  [OddsPoll] Failed: It looks like you are using Playwright Sync API inside the asyncio loop.
Please use the Async API instead.
  [Health] Reset thread event loop (recovering from killed browser)
  [OddsPoll] Failed: It looks like you are using Playwright Sync API inside the asyncio loop.
Please use the Async API instead.
  [Health] Reset thread event loop (recovering from killed browser)
  [OddsPoll] Failed: It looks like you are using Playwright Sync API inside the asyncio loop.
Please use the Async API instead.
  [Health] Reset thread event loop (recovering from killed browser)
  [OddsPoll] Failed: It looks like you are using Playwright Sync API inside the asyncio loop.
Please use the Async API instead.
  [Health] Reset thread event loop (recovering from killed browser)
  [OddsPoll] Failed: It looks like you are using Playwright Sync API inside the asyncio loop.
Please use the Async API instead.
  [Health] Reset thread event loop (recovering from killed browser)
  [OddsPoll] Failed: It looks like you are using Playwright Sync API inside the asyncio loop.
Please use the Async API instead.
  [Health] Reset thread event loop (recovering from killed browser)
  [OddsPoll] Failed: It looks like you are using Playwright Sync API inside the asyncio loop.
Please use the Async API instead.
  [Health] Reset thread event loop (recovering from killed browser)
  [OddsPoll] Failed: It looks like you are using Playwright Sync API inside the asyncio loop.
Please use the Async API instead.
  [Health] Reset thread event loop (recovering from killed browser)
  [OddsPoll] Failed: It looks like you are using Playwright Sync API inside the asyncio loop.
Please use the Async API instead.
  [Health] Reset thread event loop (recovering from killed browser)
  [OddsPoll] Failed: It looks like you are using Playwright Sync API inside the asyncio loop.
Please use the Async API instead.
  [Health] Reset thread event loop (recovering from killed browser)
  [OddsPoll] Failed: It looks like you are using Playwright Sync API inside the asyncio loop.
Please use the Async API instead.
  [Health] Reset thread event loop (recovering from killed browser)
  [OddsPoll] Failed: It looks like you are using Playwright Sync API inside the asyncio loop.
Please use the Async API instead.
  [Health] Reset thread event loop (recovering from killed browser)
  [OddsPoll] Failed: It looks like you are using Playwright Sync API inside the asyncio loop.
Please use the Async API instead.
  [Health] Reset thread event loop (recovering from killed browser)
  [OddsPoll] Failed: It looks like you are using Playwright Sync API inside the asyncio loop.
Please use the Async API instead.
  [Health] Reset thread event loop (recovering from killed browser)
  [OddsPoll] Failed: It looks like you are using Playwright Sync API inside the asyncio loop.
Please use the Async API instead.
  [Health] Reset thread event loop (recovering from killed browser)
  [OddsPoll] Failed: It looks like you are using Playwright Sync API inside the asyncio loop.
Please use the Async API instead.
  [Health] Reset thread event loop (recovering from killed browser)
  [OddsPoll] Failed: It looks like you are using Playwright Sync API inside the asyncio loop.
Please use the Async API instead.
  [Health] Reset thread event loop (recovering from killed browser)
  [OddsPoll] Failed: It looks like you are using Playwright Sync API inside the asyncio loop.
Please use the Async API instead.
  [Health] Reset thread event loop (recovering from killed browser)
  [OddsPoll] Failed: It looks like you are using Playwright Sync API inside the asyncio loop.
Please use the Async API instead.
  [Health] Reset thread event loop (recovering from killed browser)
  [OddsPoll] Failed: It looks like you are using Playwright Sync API inside the asyncio loop.
Please use the Async API instead.
  [Health] Reset thread event loop (recovering from killed browser)
  [OddsPoll] Failed: It looks like you are using Playwright Sync API inside the asyncio loop.
Please use the Async API instead.
  [Health] Reset thread event loop (recovering from killed browser)
  [OddsPoll] Failed: It looks like you are using Playwright Sync API inside the asyncio loop.
Please use the Async API instead.
  [Health] Reset thread event loop (recovering from killed browser)
  [OddsPoll] Failed: It looks like you are using Playwright Sync API inside the asyncio loop.
Please use the Async API instead.
  [Health] Reset thread event loop (recovering from killed browser)
  [OddsPoll] Failed: It looks like you are using Playwright Sync API inside the asyncio loop.
Please use the Async API instead.
  [Health] Reset thread event loop (recovering from killed browser)
  [OddsPoll] Failed: It looks like you are using Playwright Sync API inside the asyncio loop.
Please use the Async API instead.
  [Health] Reset thread event loop (recovering from killed browser)
  [OddsPoll] Failed: It looks like you are using Playwright Sync API inside the asyncio loop.
Please use the Async API instead.
  [Health] Reset thread event loop (recovering from killed browser)
  [OddsPoll] Failed: It looks like you are using Playwright Sync API inside the asyncio loop.
Please use the Async API instead.
  [Health] Reset thread event loop (recovering from killed browser)
  [OddsPoll] Failed: It looks like you are using Playwright Sync API inside the asyncio loop.
Please use the Async API instead.
  [Health] Reset thread event loop (recovering from killed browser)
  [OddsPoll] Failed: It looks like you are using Playwright Sync API inside the asyncio loop.
Please use the Async API instead.
  [Health] Reset thread event loop (recovering from killed browser)
  [OddsPoll] Failed: It looks like you are using Playwright Sync API inside the asyncio loop.
Please use the Async API instead.
  [Health] Reset thread event loop (recovering from killed browser)
  [OddsPoll] Failed: It looks like you are using Playwright Sync API inside the asyncio loop.
Please use the Async API instead.
  [Health] Reset thread event loop (recovering from killed browser)
  [OddsPoll] Failed: It looks like you are using Playwright Sync API inside the asyncio loop.
Please use the Async API instead.
  [Health] Reset thread event loop (recovering from killed browser)
  [OddsPoll] Failed: It looks like you are using Playwright Sync API inside the asyncio loop.
Please use the Async API instead.
  [Health] Reset thread event loop (recovering from killed browser)
  [OddsPoll] Failed: It looks like you are using Playwright Sync API inside the asyncio loop.
Please use the Async API instead.
  [Health] Reset thread event loop (recovering from killed browser)
  [OddsPoll] Failed: It looks like you are using Playwright Sync API inside the asyncio loop.
Please use the Async API instead.
  [Health] Reset thread event loop (recovering from killed browser)
  [OddsPoll] Failed: It looks like you are using Playwright Sync API inside the asyncio loop.
Please use the Async API instead.
  [Health] Reset thread event loop (recovering from killed browser)
  [OddsPoll] Failed: It looks like you are using Playwright Sync API inside the asyncio loop.
Please use the Async API instead.
  [Health] Reset thread event loop (recovering from killed browser)
  [OddsPoll] Failed: It looks like you are using Playwright Sync API inside the asyncio loop.
Please use the Async API instead.
  [Health] Reset thread event loop (recovering from killed browser)
  [OddsPoll] Failed: It looks like you are using Playwright Sync API inside the asyncio loop.
Please use the Async API instead.
  [Health] Reset thread event loop (recovering from killed browser)
  [OddsPoll] Failed: It looks like you are using Playwright Sync API inside the asyncio loop.
Please use the Async API instead.
  [Health] Reset thread event loop (recovering from killed browser)
  [OddsPoll] Failed: It looks like you are using Playwright Sync API inside the asyncio loop.
Please use the Async API instead.
  [Health] Reset thread event loop (recovering from killed browser)
  [OddsPoll] Failed: It looks like you are using Playwright Sync API inside the asyncio loop.
Please use the Async API instead.
  [Health] Reset thread event loop (recovering from killed browser)
  [OddsPoll] Failed: It looks like you are using Playwright Sync API inside the asyncio loop.
Please use the Async API instead.
  [Health] Reset thread event loop (recovering from killed browser)
  [OddsPoll] Failed: It looks like you are using Playwright Sync API inside the asyncio loop.
Please use the Async API instead.
  [Health] Reset thread event loop (recovering from killed browser)
  [OddsPoll] Failed: It looks like you are using Playwright Sync API inside the asyncio loop.
Please use the Async API instead.
  [Health] Reset thread event loop (recovering from killed browser)
  [OddsPoll] Failed: It looks like you are using Playwright Sync API inside the asyncio loop.
Please use the Async API instead.
  [Health] Reset thread event loop (recovering from killed browser)
  [OddsPoll] Failed: It looks like you are using Playwright Sync API inside the asyncio loop.
Please use the Async API instead.
  [Health] Reset thread event loop (recovering from killed browser)
  [OddsPoll] Failed: It looks like you are using Playwright Sync API inside the asyncio loop.
Please use the Async API instead.
  [Scraper] Pruned 12 odds files older than 24h

  [Scraper] QUICK scrape at 2026-07-09 03:50:33.580389
  [Health] Reset thread event loop (recovering from killed browser)
  [Scraper] Quick scrape failed: It looks like you are using Playwright Sync API inside the asyncio loop.
Please use the Async API instead.
  [Scraper] Rebuilding models...
  [App] Loading football data...
  [Health] Reset thread event loop (recovering from killed browser)
  [OddsPoll] Failed: It looks like you are using Playwright Sync API inside the asyncio loop.
Please use the Async API instead.
  [Data] England: 22860 matches from seasons [1, 2, 3, 4]
  [Data] France: 39437 matches from seasons [1, 2, 3, 4]
  [Data] Germany: 50373 matches from seasons [1, 2, 3, 4]
  [Data] Italy: 58670 matches from seasons [1, 2, 3, 4]
  [Data] Spain: 64260 matches from seasons [1, 2, 3, 4]
  [Data] Turkey: 51966 matches from seasons [1, 2, 3, 4]
  [App] Building Poisson models...
  [App] Evaluating accuracy & building improved models...
  [Accuracy] England: 3930 evaluated, 1X2=49.2%, O2.5=54.8%, BTTS=55.0%
  [Accuracy] France: 5891 evaluated, 1X2=46.9%, O2.5=52.5%, BTTS=52.2%
  [Accuracy] Germany: 6047 evaluated, 1X2=47.9%, O2.5=52.8%, BTTS=54.4%
  [Health] Reset thread event loop (recovering from killed browser)
  [OddsPoll] Failed: It looks like you are using Playwright Sync API inside the asyncio loop.
Please use the Async API instead.
  [Accuracy] Italy: 6590 evaluated, 1X2=48.9%, O2.5=52.4%, BTTS=51.5%
  [Accuracy] Spain: 6257 evaluated, 1X2=47.8%, O2.5=53.5%, BTTS=52.2%
  [Accuracy] Turkey: 5721 evaluated, 1X2=45.4%, O2.5=52.8%, BTTS=53.1%
  [App] Loading racing data...
  [Data] Greyhound Racing: 2264 races, venues: London, Santa Monica
  [Data] Horse Racing: 2129 races, venues: Dubai, Golden Gate Fields, Kentucky, Queen Mary, Royal Meadow, San Pablo
  [Data] Motorbike Racing: 1211 races, venues: Southern
  [Data] Speedway Racing: 893 races, venues: Bristol
  [App] Building racing models...
  [App] Models ready: 6 football leagues, 10 racing venues, 342 predictions, 342 improved predictions
  [Health] models_rebuild: ok 07-09 03:50:45  |  odds_scrape: !! 07-09 03:50:41  It looks like you are using Playwright Sync API inside the asyncio loop.
Please use the Async API instead.  |  racing_results: ok 07-08 16:08:44  |  racing_upcoming: ok 07-08 16:48:39  |  results_scrape: ok 07-08 16:08:17  |  virtual_session: ok 07-08 16:07:25
  [Health] Reset thread event loop (recovering from killed browser)
  [OddsPoll] Failed: It looks like you are using Playwright Sync API inside the asyncio loop.
Please use the Async API instead.
  [Health] Reset thread event loop (recovering from killed browser)
  [OddsPoll] Failed: It looks like you are using Playwright Sync API inside the asyncio loop.
Please use the Async API instead.
  [Health] Reset thread event loop (recovering from killed browser)
  [OddsPoll] Failed: It looks like you are using Playwright Sync API inside the asyncio loop.
Please use the Async API instead.
  [Health] Reset thread event loop (recovering from killed browser)
  [OddsPoll] Failed: It looks like you are using Playwright Sync API inside the asyncio loop.
Please use the Async API instead.
  [Health] Reset thread event loop (recovering from killed browser)
  [OddsPoll] Failed: It looks like you are using Playwright Sync API inside the asyncio loop.
Please use the Async API instead.
  [Health] Reset thread event loop (recovering from killed browser)
  [OddsPoll] Failed: It looks like you are using Playwright Sync API inside the asyncio loop.
Please use the Async API instead.
  [Health] Reset thread event loop (recovering from killed browser)
  [OddsPoll] Failed: It looks like you are using Playwright Sync API inside the asyncio loop.
Please use the Async API instead.
  [Health] Reset thread event loop (recovering from killed browser)
  [OddsPoll] Failed: It looks like you are using Playwright Sync API inside the asyncio loop.
Please use the Async API instead.
  [Health] Reset thread event loop (recovering from killed browser)
  [OddsPoll] Failed: It looks like you are using Playwright Sync API inside the asyncio loop.
Please use the Async API instead.
  [Health] Reset thread event loop (recovering from killed browser)
  [OddsPoll] Failed: It looks like you are using Playwright Sync API inside the asyncio loop.
Please use the Async API instead.
  [Health] Reset thread event loop (recovering from killed browser)
  [OddsPoll] Failed: It looks like you are using Playwright Sync API inside the asyncio loop.
Please use the Async API instead.
  [Health] Reset thread event loop (recovering from killed browser)
  [OddsPoll] Failed: It looks like you are using Playwright Sync API inside the asyncio loop.
Please use the Async API instead.
  [Health] Reset thread event loop (recovering from killed browser)
  [OddsPoll] Failed: It looks like you are using Playwright Sync API inside the asyncio loop.
Please use the Async API instead.
  [Health] Reset thread event loop (recovering from killed browser)
  [OddsPoll] Failed: It looks like you are using Playwright Sync API inside the asyncio loop.
Please use the Async API instead.
  [Health] Reset thread event loop (recovering from killed browser)
  [OddsPoll] Failed: It looks like you are using Playwright Sync API inside the asyncio loop.
Please use the Async API instead.
  [Health] Reset thread event loop (recovering from killed browser)
  [OddsPoll] Failed: It looks like you are using Playwright Sync API inside the asyncio loop.
Please use the Async API instead.
  [Health] Reset thread event loop (recovering from killed browser)
  [OddsPoll] Failed: It looks like you are using Playwright Sync API inside the asyncio loop.
Please use the Async API instead.
  [Health] Reset thread event loop (recovering from killed browser)
  [OddsPoll] Failed: It looks like you are using Playwright Sync API inside the asyncio loop.
Please use the Async API instead.
  [Health] Reset thread event loop (recovering from killed browser)
  [OddsPoll] Failed: It looks like you are using Playwright Sync API inside the asyncio loop.
Please use the Async API instead.
  [Health] Reset thread event loop (recovering from killed browser)
  [OddsPoll] Failed: It looks like you are using Playwright Sync API inside the asyncio loop.
Please use the Async API instead.
  [Health] Reset thread event loop (recovering from killed browser)
  [OddsPoll] Failed: It looks like you are using Playwright Sync API inside the asyncio loop.
Please use the Async API instead.
  [Health] Reset thread event loop (recovering from killed browser)
  [OddsPoll] Failed: It looks like you are using Playwright Sync API inside the asyncio loop.
Please use the Async API instead.
  [Health] Reset thread event loop (recovering from killed browser)
  [OddsPoll] Failed: It looks like you are using Playwright Sync API inside the asyncio loop.
Please use the Async API instead.
  [Health] Reset thread event loop (recovering from killed browser)
  [OddsPoll] Failed: It looks like you are using Playwright Sync API inside the asyncio loop.
Please use the Async API instead.
  [Health] Reset thread event loop (recovering from killed browser)
  [OddsPoll] Failed: It looks like you are using Playwright Sync API inside the asyncio loop.
Please use the Async API instead.
  [Health] Reset thread event loop (recovering from killed browser)
  [OddsPoll] Failed: It looks like you are using Playwright Sync API inside the asyncio loop.
Please use the Async API instead.
  [Health] Reset thread event loop (recovering from killed browser)
  [OddsPoll] Failed: It looks like you are using Playwright Sync API inside the asyncio loop.
Please use the Async API instead.
  [Health] Reset thread event loop (recovering from killed browser)
  [OddsPoll] Failed: It looks like you are using Playwright Sync API inside the asyncio loop.
Please use the Async API instead.
  [Health] Reset thread event loop (recovering from killed browser)
  [OddsPoll] Failed: It looks like you are using Playwright Sync API inside the asyncio loop.
Please use the Async API instead.
  [Health] Reset thread event loop (recovering from killed browser)
  [OddsPoll] Failed: It looks like you are using Playwright Sync API inside the asyncio loop.
Please use the Async API instead.
  [Health] Reset thread event loop (recovering from killed browser)
  [OddsPoll] Failed: It looks like you are using Playwright Sync API inside the asyncio loop.
Please use the Async API instead.
  [Health] Reset thread event loop (recovering from killed browser)
  [OddsPoll] Failed: It looks like you are using Playwright Sync API inside the asyncio loop.
Please use the Async API instead.
  [Health] Reset thread event loop (recovering from killed browser)
  [OddsPoll] Failed: It looks like you are using Playwright Sync API inside the asyncio loop.
Please use the Async API instead.
  [Health] Reset thread event loop (recovering from killed browser)
  [OddsPoll] Failed: It looks like you are using Playwright Sync API inside the asyncio loop.
Please use the Async API instead.
  [Health] Reset thread event loop (recovering from killed browser)
  [OddsPoll] Failed: It looks like you are using Playwright Sync API inside the asyncio loop.
Please use the Async API instead.
  [Health] Reset thread event loop (recovering from killed browser)
  [OddsPoll] Failed: It looks like you are using Playwright Sync API inside the asyncio loop.
Please use the Async API instead.
  [Health] Reset thread event loop (recovering from killed browser)
  [OddsPoll] Failed: It looks like you are using Playwright Sync API inside the asyncio loop.
Please use the Async API instead.
  [Health] Reset thread event loop (recovering from killed browser)
  [OddsPoll] Failed: It looks like you are using Playwright Sync API inside the asyncio loop.
Please use the Async API instead.
  [Health] Reset thread event loop (recovering from killed browser)
  [OddsPoll] Failed: It looks like you are using Playwright Sync API inside the asyncio loop.
Please use the Async API instead.
  [Health] Reset thread event loop (recovering from killed browser)
  [OddsPoll] Failed: It looks like you are using Playwright Sync API inside the asyncio loop.
Please use the Async API instead.
  [Health] Reset thread event loop (recovering from killed browser)
  [OddsPoll] Failed: It looks like you are using Playwright Sync API inside the asyncio loop.
Please use the Async API instead.
  [Health] Reset thread event loop (recovering from killed browser)
  [OddsPoll] Failed: It looks like you are using Playwright Sync API inside the asyncio loop.
Please use the Async API instead.
  [Health] Reset thread event loop (recovering from killed browser)
  [OddsPoll] Failed: It looks like you are using Playwright Sync API inside the asyncio loop.
Please use the Async API instead.
  [Health] Reset thread event loop (recovering from killed browser)
  [OddsPoll] Failed: It looks like you are using Playwright Sync API inside the asyncio loop.
Please use the Async API instead.
  [Health] Reset thread event loop (recovering from killed browser)
  [OddsPoll] Failed: It looks like you are using Playwright Sync API inside the asyncio loop.
Please use the Async API instead.
  [Health] Reset thread event loop (recovering from killed browser)
  [OddsPoll] Failed: It looks like you are using Playwright Sync API inside the asyncio loop.
Please use the Async API instead.
  [Health] Reset thread event loop (recovering from killed browser)
  [OddsPoll] Failed: It looks like you are using Playwright Sync API inside the asyncio loop.
Please use the Async API instead.
  [Health] Reset thread event loop (recovering from killed browser)
  [OddsPoll] Failed: It looks like you are using Playwright Sync API inside the asyncio loop.
Please use the Async API instead.
  [Health] Reset thread event loop (recovering from killed browser)
  [OddsPoll] Failed: It looks like you are using Playwright Sync API inside the asyncio loop.
Please use the Async API instead.
  [Health] Reset thread event loop (recovering from killed browser)
  [OddsPoll] Failed: It looks like you are using Playwright Sync API inside the asyncio loop.
Please use the Async API instead.
  [Health] Reset thread event loop (recovering from killed browser)
  [OddsPoll] Failed: It looks like you are using Playwright Sync API inside the asyncio loop.
Please use the Async API instead.
  [Health] Reset thread event loop (recovering from killed browser)
  [OddsPoll] Failed: It looks like you are using Playwright Sync API inside the asyncio loop.
Please use the Async API instead.
  [Health] Reset thread event loop (recovering from killed browser)
  [OddsPoll] Failed: It looks like you are using Playwright Sync API inside the asyncio loop.
Please use the Async API instead.
  [Health] Reset thread event loop (recovering from killed browser)
  [OddsPoll] Failed: It looks like you are using Playwright Sync API inside the asyncio loop.
Please use the Async API instead.
  [Health] Reset thread event loop (recovering from killed browser)
  [OddsPoll] Failed: It looks like you are using Playwright Sync API inside the asyncio loop.
Please use the Async API instead.
  [Health] Reset thread event loop (recovering from killed browser)
  [OddsPoll] Failed: It looks like you are using Playwright Sync API inside the asyncio loop.
Please use the Async API instead.
  [Health] Reset thread event loop (recovering from killed browser)
  [OddsPoll] Failed: It looks like you are using Playwright Sync API inside the asyncio loop.
Please use the Async API instead.
  [Health] Reset thread event loop (recovering from killed browser)
  [OddsPoll] Failed: It looks like you are using Playwright Sync API inside the asyncio loop.
Please use the Async API instead.
  [Health] Reset thread event loop (recovering from killed browser)
  [OddsPoll] Failed: It looks like you are using Playwright Sync API inside the asyncio loop.
Please use the Async API instead.
  [Health] Reset thread event loop (recovering from killed browser)
  [OddsPoll] Failed: It looks like you are using Playwright Sync API inside the asyncio loop.
Please use the Async API instead.
  [Scraper] Pruned 12 odds files older than 24h

  [Scraper] QUICK scrape at 2026-07-09 03:55:45.858866
  [Health] Reset thread event loop (recovering from killed browser)
  [Scraper] Quick scrape failed: It looks like you are using Playwright Sync API inside the asyncio loop.
Please use the Async API instead.
  [Scraper] Rebuilding models...
  [App] Loading football data...
  [Health] Reset thread event loop (recovering from killed browser)
  [OddsPoll] Failed: It looks like you are using Playwright Sync API inside the asyncio loop.
Please use the Async API instead.
  [Data] England: 22860 matches from seasons [1, 2, 3, 4]
  [Data] France: 39437 matches from seasons [1, 2, 3, 4]
  [Data] Germany: 50373 matches from seasons [1, 2, 3, 4]
  [Data] Italy: 58670 matches from seasons [1, 2, 3, 4]
  [Data] Spain: 64260 matches from seasons [1, 2, 3, 4]
  [Data] Turkey: 51966 matches from seasons [1, 2, 3, 4]
  [App] Building Poisson models...
  [App] Evaluating accuracy & building improved models...
  [Accuracy] England: 3930 evaluated, 1X2=49.2%, O2.5=54.8%, BTTS=55.0%
  [Accuracy] France: 5891 evaluated, 1X2=46.9%, O2.5=52.5%, BTTS=52.2%
  [Health] Reset thread event loop (recovering from killed browser)
  [OddsPoll] Failed: It looks like you are using Playwright Sync API inside the asyncio loop.
Please use the Async API instead.
  [Accuracy] Germany: 6047 evaluated, 1X2=47.9%, O2.5=52.8%, BTTS=54.4%
  [Accuracy] Italy: 6590 evaluated, 1X2=48.9%, O2.5=52.4%, BTTS=51.5%
  [Accuracy] Spain: 6257 evaluated, 1X2=47.8%, O2.5=53.5%, BTTS=52.2%
  [Accuracy] Turkey: 5721 evaluated, 1X2=45.4%, O2.5=52.8%, BTTS=53.1%
  [App] Loading racing data...
  [Data] Greyhound Racing: 2264 races, venues: London, Santa Monica
  [Data] Horse Racing: 2129 races, venues: Dubai, Golden Gate Fields, Kentucky, Queen Mary, Royal Meadow, San Pablo
  [Data] Motorbike Racing: 1211 races, venues: Southern
  [Data] Speedway Racing: 893 races, venues: Bristol
  [App] Building racing models...
  [App] Models ready: 6 football leagues, 10 racing venues, 342 predictions, 342 improved predictions
  [Health] models_rebuild: ok 07-09 03:55:57  |  odds_scrape: !! 07-09 03:55:52  It looks like you are using Playwright Sync API inside the asyncio loop.
Please use the Async API instead.  |  racing_results: ok 07-08 16:08:44  |  racing_upcoming: ok 07-08 16:48:39  |  results_scrape: ok 07-08 16:08:17  |  virtual_session: ok 07-08 16:07:25
  [Health] Reset thread event loop (recovering from killed browser)
  [OddsPoll] Failed: It looks like you are using Playwright Sync API inside the asyncio loop.
Please use the Async API instead.
  [Health] Reset thread event loop (recovering from killed browser)
  [OddsPoll] Failed: It looks like you are using Playwright Sync API inside the asyncio loop.
Please use the Async API instead.
  [Health] Reset thread event loop (recovering from killed browser)
  [OddsPoll] Failed: It looks like you are using Playwright Sync API inside the asyncio loop.
Please use the Async API instead.
  [Health] Reset thread event loop (recovering from killed browser)
  [OddsPoll] Failed: It looks like you are using Playwright Sync API inside the asyncio loop.
Please use the Async API instead.
  [Health] Reset thread event loop (recovering from killed browser)
  [OddsPoll] Failed: It looks like you are using Playwright Sync API inside the asyncio loop.
Please use the Async API instead.
  [Health] Reset thread event loop (recovering from killed browser)
  [OddsPoll] Failed: It looks like you are using Playwright Sync API inside the asyncio loop.
Please use the Async API instead.
  [Health] Reset thread event loop (recovering from killed browser)
  [OddsPoll] Failed: It looks like you are using Playwright Sync API inside the asyncio loop.
Please use the Async API instead.
  [Health] Reset thread event loop (recovering from killed browser)
  [OddsPoll] Failed: It looks like you are using Playwright Sync API inside the asyncio loop.
Please use the Async API instead.
  [Health] Reset thread event loop (recovering from killed browser)
  [OddsPoll] Failed: It looks like you are using Playwright Sync API inside the asyncio loop.
Please use the Async API instead.
  [Health] Reset thread event loop (recovering from killed browser)
  [OddsPoll] Failed: It looks like you are using Playwright Sync API inside the asyncio loop.
Please use the Async API instead.
  [Health] Reset thread event loop (recovering from killed browser)
  [OddsPoll] Failed: It looks like you are using Playwright Sync API inside the asyncio loop.
Please use the Async API instead.
  [Health] Reset thread event loop (recovering from killed browser)
  [OddsPoll] Failed: It looks like you are using Playwright Sync API inside the asyncio loop.
Please use the Async API instead.
  [Health] Reset thread event loop (recovering from killed browser)
  [OddsPoll] Failed: It looks like you are using Playwright Sync API inside the asyncio loop.
Please use the Async API instead.
  [Health] Reset thread event loop (recovering from killed browser)
  [OddsPoll] Failed: It looks like you are using Playwright Sync API inside the asyncio loop.
Please use the Async API instead.
  [Health] Reset thread event loop (recovering from killed browser)
  [OddsPoll] Failed: It looks like you are using Playwright Sync API inside the asyncio loop.
Please use the Async API instead.
  [Health] Reset thread event loop (recovering from killed browser)
  [OddsPoll] Failed: It looks like you are using Playwright Sync API inside the asyncio loop.
Please use the Async API instead.
  [Health] Reset thread event loop (recovering from killed browser)
  [OddsPoll] Failed: It looks like you are using Playwright Sync API inside the asyncio loop.
Please use the Async API instead.
  [Health] Reset thread event loop (recovering from killed browser)
  [OddsPoll] Failed: It looks like you are using Playwright Sync API inside the asyncio loop.
Please use the Async API instead.
  [Health] Reset thread event loop (recovering from killed browser)
  [OddsPoll] Failed: It looks like you are using Playwright Sync API inside the asyncio loop.
Please use the Async API instead.
  [Health] Reset thread event loop (recovering from killed browser)
  [OddsPoll] Failed: It looks like you are using Playwright Sync API inside the asyncio loop.
Please use the Async API instead.
  [Health] Reset thread event loop (recovering from killed browser)
  [OddsPoll] Failed: It looks like you are using Playwright Sync API inside the asyncio loop.
Please use the Async API instead.
  [Health] Reset thread event loop (recovering from killed browser)
  [OddsPoll] Failed: It looks like you are using Playwright Sync API inside the asyncio loop.
Please use the Async API instead.
  [Health] Reset thread event loop (recovering from killed browser)
  [OddsPoll] Failed: It looks like you are using Playwright Sync API inside the asyncio loop.
Please use the Async API instead.
  [Health] Reset thread event loop (recovering from killed browser)
  [OddsPoll] Failed: It looks like you are using Playwright Sync API inside the asyncio loop.
Please use the Async API instead.
  [Health] Reset thread event loop (recovering from killed browser)
  [OddsPoll] Failed: It looks like you are using Playwright Sync API inside the asyncio loop.
Please use the Async API instead.
  [Health] Reset thread event loop (recovering from killed browser)
  [OddsPoll] Failed: It looks like you are using Playwright Sync API inside the asyncio loop.
Please use the Async API instead.
  [Health] Reset thread event loop (recovering from killed browser)
  [OddsPoll] Failed: It looks like you are using Playwright Sync API inside the asyncio loop.
Please use the Async API instead.
  [Health] Reset thread event loop (recovering from killed browser)
  [OddsPoll] Failed: It looks like you are using Playwright Sync API inside the asyncio loop.
Please use the Async API instead.
  [Health] Reset thread event loop (recovering from killed browser)
  [OddsPoll] Failed: It looks like you are using Playwright Sync API inside the asyncio loop.
Please use the Async API instead.
  [Health] Reset thread event loop (recovering from killed browser)
  [OddsPoll] Failed: It looks like you are using Playwright Sync API inside the asyncio loop.
Please use the Async API instead.
  [Health] Reset thread event loop (recovering from killed browser)
  [OddsPoll] Failed: It looks like you are using Playwright Sync API inside the asyncio loop.
Please use the Async API instead.
  [Health] Reset thread event loop (recovering from killed browser)
  [OddsPoll] Failed: It looks like you are using Playwright Sync API inside the asyncio loop.
Please use the Async API instead.
  [Health] Reset thread event loop (recovering from killed browser)
  [OddsPoll] Failed: It looks like you are using Playwright Sync API inside the asyncio loop.
Please use the Async API instead.
  [Health] Reset thread event loop (recovering from killed browser)
  [OddsPoll] Failed: It looks like you are using Playwright Sync API inside the asyncio loop.
Please use the Async API instead.
  [Health] Reset thread event loop (recovering from killed browser)
  [OddsPoll] Failed: It looks like you are using Playwright Sync API inside the asyncio loop.
Please use the Async API instead.
  [Health] Reset thread event loop (recovering from killed browser)
  [OddsPoll] Failed: It looks like you are using Playwright Sync API inside the asyncio loop.
Please use the Async API instead.
  [Health] Reset thread event loop (recovering from killed browser)
  [OddsPoll] Failed: It looks like you are using Playwright Sync API inside the asyncio loop.
Please use the Async API instead.
  [Health] Reset thread event loop (recovering from killed browser)
  [OddsPoll] Failed: It looks like you are using Playwright Sync API inside the asyncio loop.
Please use the Async API instead.
  [Health] Reset thread event loop (recovering from killed browser)
  [OddsPoll] Failed: It looks like you are using Playwright Sync API inside the asyncio loop.
Please use the Async API instead.
  [Health] Reset thread event loop (recovering from killed browser)
  [OddsPoll] Failed: It looks like you are using Playwright Sync API inside the asyncio loop.
Please use the Async API instead.
  [Health] Reset thread event loop (recovering from killed browser)
  [OddsPoll] Failed: It looks like you are using Playwright Sync API inside the asyncio loop.
Please use the Async API instead.
  [Health] Reset thread event loop (recovering from killed browser)
  [OddsPoll] Failed: It looks like you are using Playwright Sync API inside the asyncio loop.
Please use the Async API instead.
  [Health] Reset thread event loop (recovering from killed browser)
  [OddsPoll] Failed: It looks like you are using Playwright Sync API inside the asyncio loop.
Please use the Async API instead.
  [Health] Reset thread event loop (recovering from killed browser)
  [OddsPoll] Failed: It looks like you are using Playwright Sync API inside the asyncio loop.
Please use the Async API instead.
  [Health] Reset thread event loop (recovering from killed browser)
  [OddsPoll] Failed: It looks like you are using Playwright Sync API inside the asyncio loop.
Please use the Async API instead.
  [Health] Reset thread event loop (recovering from killed browser)
  [OddsPoll] Failed: It looks like you are using Playwright Sync API inside the asyncio loop.
Please use the Async API instead.
  [Health] Reset thread event loop (recovering from killed browser)
  [OddsPoll] Failed: It looks like you are using Playwright Sync API inside the asyncio loop.
Please use the Async API instead.
  [Health] Reset thread event loop (recovering from killed browser)
  [OddsPoll] Failed: It looks like you are using Playwright Sync API inside the asyncio loop.
Please use the Async API instead.
  [Health] Reset thread event loop (recovering from killed browser)
  [OddsPoll] Failed: It looks like you are using Playwright Sync API inside the asyncio loop.
Please use the Async API instead.
  [Health] Reset thread event loop (recovering from killed browser)
  [OddsPoll] Failed: It looks like you are using Playwright Sync API inside the asyncio loop.
Please use the Async API instead.
  [Health] Reset thread event loop (recovering from killed browser)
  [OddsPoll] Failed: It looks like you are using Playwright Sync API inside the asyncio loop.
Please use the Async API instead.
  [Health] Reset thread event loop (recovering from killed browser)
  [OddsPoll] Failed: It looks like you are using Playwright Sync API inside the asyncio loop.
Please use the Async API instead.
  [Health] Reset thread event loop (recovering from killed browser)
  [OddsPoll] Failed: It looks like you are using Playwright Sync API inside the asyncio loop.
Please use the Async API instead.
  [Health] Reset thread event loop (recovering from killed browser)
  [OddsPoll] Failed: It looks like you are using Playwright Sync API inside the asyncio loop.
Please use the Async API instead.
  [Health] Reset thread event loop (recovering from killed browser)
  [OddsPoll] Failed: It looks like you are using Playwright Sync API inside the asyncio loop.
Please use the Async API instead.
  [Health] Reset thread event loop (recovering from killed browser)
  [OddsPoll] Failed: It looks like you are using Playwright Sync API inside the asyncio loop.
Please use the Async API instead.
  [Health] Reset thread event loop (recovering from killed browser)
  [OddsPoll] Failed: It looks like you are using Playwright Sync API inside the asyncio loop.
Please use the Async API instead.
  [Health] Reset thread event loop (recovering from killed browser)
  [OddsPoll] Failed: It looks like you are using Playwright Sync API inside the asyncio loop.
Please use the Async API instead.
  [Health] Reset thread event loop (recovering from killed browser)
  [OddsPoll] Failed: It looks like you are using Playwright Sync API inside the asyncio loop.
Please use the Async API instead.
  [Health] Reset thread event loop (recovering from killed browser)
  [OddsPoll] Failed: It looks like you are using Playwright Sync API inside the asyncio loop.
Please use the Async API instead.
  [Scraper] Pruned 12 odds files older than 24h

  [Scraper] QUICK scrape at 2026-07-09 04:00:57.375361
  [Health] Reset thread event loop (recovering from killed browser)
  [Scraper] Quick scrape failed: It looks like you are using Playwright Sync API inside the asyncio loop.
Please use the Async API instead.
  [Scraper] Rebuilding models...
  [App] Loading football data...
  [Health] Reset thread event loop (recovering from killed browser)
  [OddsPoll] Failed: It looks like you are using Playwright Sync API inside the asyncio loop.
Please use the Async API instead.
  [Data] England: 22860 matches from seasons [1, 2, 3, 4]
  [Data] France: 39437 matches from seasons [1, 2, 3, 4]
  [Data] Germany: 50373 matches from seasons [1, 2, 3, 4]
  [Data] Italy: 58670 matches from seasons [1, 2, 3, 4]
  [Data] Spain: 64260 matches from seasons [1, 2, 3, 4]
  [Data] Turkey: 51966 matches from seasons [1, 2, 3, 4]
  [App] Building Poisson models...
  [App] Evaluating accuracy & building improved models...
  [Accuracy] England: 3930 evaluated, 1X2=49.2%, O2.5=54.8%, BTTS=55.0%
  [Health] Reset thread event loop (recovering from killed browser)
  [OddsPoll] Failed: It looks like you are using Playwright Sync API inside the asyncio loop.
Please use the Async API instead.
  [Accuracy] France: 5891 evaluated, 1X2=46.9%, O2.5=52.5%, BTTS=52.2%
  [Accuracy] Germany: 6047 evaluated, 1X2=47.9%, O2.5=52.8%, BTTS=54.4%
  [Accuracy] Italy: 6590 evaluated, 1X2=48.9%, O2.5=52.4%, BTTS=51.5%
  [Accuracy] Spain: 6257 evaluated, 1X2=47.8%, O2.5=53.5%, BTTS=52.2%
  [Health] Reset thread event loop (recovering from killed browser)
  [OddsPoll] Failed: It looks like you are using Playwright Sync API inside the asyncio loop.
Please use the Async API instead.
  [Accuracy] Turkey: 5721 evaluated, 1X2=45.4%, O2.5=52.8%, BTTS=53.1%
  [App] Loading racing data...
  [Data] Greyhound Racing: 2264 races, venues: London, Santa Monica
  [Data] Horse Racing: 2129 races, venues: Dubai, Golden Gate Fields, Kentucky, Queen Mary, Royal Meadow, San Pablo
  [Data] Motorbike Racing: 1211 races, venues: Southern
  [Data] Speedway Racing: 893 races, venues: Bristol
  [App] Building racing models...
  [App] Models ready: 6 football leagues, 10 racing venues, 342 predictions, 342 improved predictions
  [Health] models_rebuild: ok 07-09 04:01:09  |  odds_scrape: !! 07-09 04:01:08  It looks like you are using Playwright Sync API inside the asyncio loop.
Please use the Async API instead.  |  racing_results: ok 07-08 16:08:44  |  racing_upcoming: ok 07-08 16:48:39  |  results_scrape: ok 07-08 16:08:17  |  virtual_session: ok 07-08 16:07:25
  [Health] Reset thread event loop (recovering from killed browser)
  [OddsPoll] Failed: It looks like you are using Playwright Sync API inside the asyncio loop.
Please use the Async API instead.
  [Health] Reset thread event loop (recovering from killed browser)
  [OddsPoll] Failed: It looks like you are using Playwright Sync API inside the asyncio loop.
Please use the Async API instead.
  [Health] Reset thread event loop (recovering from killed browser)
  [OddsPoll] Failed: It looks like you are using Playwright Sync API inside the asyncio loop.
Please use the Async API instead.
  [Health] Reset thread event loop (recovering from killed browser)
  [OddsPoll] Failed: It looks like you are using Playwright Sync API inside the asyncio loop.
Please use the Async API instead.
  [Health] Reset thread event loop (recovering from killed browser)
  [OddsPoll] Failed: It looks like you are using Playwright Sync API inside the asyncio loop.
Please use the Async API instead.
  [Health] Reset thread event loop (recovering from killed browser)
  [OddsPoll] Failed: It looks like you are using Playwright Sync API inside the asyncio loop.
Please use the Async API instead.
  [Health] Reset thread event loop (recovering from killed browser)
  [OddsPoll] Failed: It looks like you are using Playwright Sync API inside the asyncio loop.
Please use the Async API instead.
  [Health] Reset thread event loop (recovering from killed browser)
  [OddsPoll] Failed: It looks like you are using Playwright Sync API inside the asyncio loop.
Please use the Async API instead.
  [Health] Reset thread event loop (recovering from killed browser)
  [OddsPoll] Failed: It looks like you are using Playwright Sync API inside the asyncio loop.
Please use the Async API instead.
  [Health] Reset thread event loop (recovering from killed browser)
  [OddsPoll] Failed: It looks like you are using Playwright Sync API inside the asyncio loop.
Please use the Async API instead.
  [Health] Reset thread event loop (recovering from killed browser)
  [OddsPoll] Failed: It looks like you are using Playwright Sync API inside the asyncio loop.
Please use the Async API instead.
  [Health] Reset thread event loop (recovering from killed browser)
  [OddsPoll] Failed: It looks like you are using Playwright Sync API inside the asyncio loop.
Please use the Async API instead.
  [Health] Reset thread event loop (recovering from killed browser)
  [OddsPoll] Failed: It looks like you are using Playwright Sync API inside the asyncio loop.
Please use the Async API instead.
  [Health] Reset thread event loop (recovering from killed browser)
  [OddsPoll] Failed: It looks like you are using Playwright Sync API inside the asyncio loop.
Please use the Async API instead.
  [Health] Reset thread event loop (recovering from killed browser)
  [OddsPoll] Failed: It looks like you are using Playwright Sync API inside the asyncio loop.
Please use the Async API instead.
  [Health] Reset thread event loop (recovering from killed browser)
  [OddsPoll] Failed: It looks like you are using Playwright Sync API inside the asyncio loop.
Please use the Async API instead.
  [Health] Reset thread event loop (recovering from killed browser)
  [OddsPoll] Failed: It looks like you are using Playwright Sync API inside the asyncio loop.
Please use the Async API instead.
  [Health] Reset thread event loop (recovering from killed browser)
  [OddsPoll] Failed: It looks like you are using Playwright Sync API inside the asyncio loop.
Please use the Async API instead.
  [Health] Reset thread event loop (recovering from killed browser)
  [OddsPoll] Failed: It looks like you are using Playwright Sync API inside the asyncio loop.
Please use the Async API instead.
  [Health] Reset thread event loop (recovering from killed browser)
  [OddsPoll] Failed: It looks like you are using Playwright Sync API inside the asyncio loop.
Please use the Async API instead.
  [Health] Reset thread event loop (recovering from killed browser)
  [OddsPoll] Failed: It looks like you are using Playwright Sync API inside the asyncio loop.
Please use the Async API instead.
  [Health] Reset thread event loop (recovering from killed browser)
  [OddsPoll] Failed: It looks like you are using Playwright Sync API inside the asyncio loop.
Please use the Async API instead.
  [Health] Reset thread event loop (recovering from killed browser)
  [OddsPoll] Failed: It looks like you are using Playwright Sync API inside the asyncio loop.
Please use the Async API instead.
  [Health] Reset thread event loop (recovering from killed browser)
  [OddsPoll] Failed: It looks like you are using Playwright Sync API inside the asyncio loop.
Please use the Async API instead.
  [Health] Reset thread event loop (recovering from killed browser)
  [OddsPoll] Failed: It looks like you are using Playwright Sync API inside the asyncio loop.
Please use the Async API instead.
  [Health] Reset thread event loop (recovering from killed browser)
  [OddsPoll] Failed: It looks like you are using Playwright Sync API inside the asyncio loop.
Please use the Async API instead.
  [Health] Reset thread event loop (recovering from killed browser)
  [OddsPoll] Failed: It looks like you are using Playwright Sync API inside the asyncio loop.
Please use the Async API instead.
  [Health] Reset thread event loop (recovering from killed browser)
  [OddsPoll] Failed: It looks like you are using Playwright Sync API inside the asyncio loop.
Please use the Async API instead.
  [Health] Reset thread event loop (recovering from killed browser)
  [OddsPoll] Failed: It looks like you are using Playwright Sync API inside the asyncio loop.
Please use the Async API instead.
  [Health] Reset thread event loop (recovering from killed browser)
  [OddsPoll] Failed: It looks like you are using Playwright Sync API inside the asyncio loop.
Please use the Async API instead.
  [Health] Reset thread event loop (recovering from killed browser)
  [OddsPoll] Failed: It looks like you are using Playwright Sync API inside the asyncio loop.
Please use the Async API instead.
  [Health] Reset thread event loop (recovering from killed browser)
  [OddsPoll] Failed: It looks like you are using Playwright Sync API inside the asyncio loop.
Please use the Async API instead.
  [Health] Reset thread event loop (recovering from killed browser)
  [OddsPoll] Failed: It looks like you are using Playwright Sync API inside the asyncio loop.
Please use the Async API instead.
  [Health] Reset thread event loop (recovering from killed browser)
  [OddsPoll] Failed: It looks like you are using Playwright Sync API inside the asyncio loop.
Please use the Async API instead.
  [Health] Reset thread event loop (recovering from killed browser)
  [OddsPoll] Failed: It looks like you are using Playwright Sync API inside the asyncio loop.
Please use the Async API instead.
  [Health] Reset thread event loop (recovering from killed browser)
  [OddsPoll] Failed: It looks like you are using Playwright Sync API inside the asyncio loop.
Please use the Async API instead.
  [Health] Reset thread event loop (recovering from killed browser)
  [OddsPoll] Failed: It looks like you are using Playwright Sync API inside the asyncio loop.
Please use the Async API instead.
  [Health] Reset thread event loop (recovering from killed browser)
  [OddsPoll] Failed: It looks like you are using Playwright Sync API inside the asyncio loop.
Please use the Async API instead.
  [Health] Reset thread event loop (recovering from killed browser)
  [OddsPoll] Failed: It looks like you are using Playwright Sync API inside the asyncio loop.
Please use the Async API instead.
  [Health] Reset thread event loop (recovering from killed browser)
  [OddsPoll] Failed: It looks like you are using Playwright Sync API inside the asyncio loop.
Please use the Async API instead.
  [Health] Reset thread event loop (recovering from killed browser)
  [OddsPoll] Failed: It looks like you are using Playwright Sync API inside the asyncio loop.
Please use the Async API instead.
  [Health] Reset thread event loop (recovering from killed browser)
  [OddsPoll] Failed: It looks like you are using Playwright Sync API inside the asyncio loop.
Please use the Async API instead.
  [Health] Reset thread event loop (recovering from killed browser)
  [OddsPoll] Failed: It looks like you are using Playwright Sync API inside the asyncio loop.
Please use the Async API instead.
  [Health] Reset thread event loop (recovering from killed browser)
  [OddsPoll] Failed: It looks like you are using Playwright Sync API inside the asyncio loop.
Please use the Async API instead.
  [Health] Reset thread event loop (recovering from killed browser)
  [OddsPoll] Failed: It looks like you are using Playwright Sync API inside the asyncio loop.
Please use the Async API instead.
  [Health] Reset thread event loop (recovering from killed browser)
  [OddsPoll] Failed: It looks like you are using Playwright Sync API inside the asyncio loop.
Please use the Async API instead.
  [Health] Reset thread event loop (recovering from killed browser)
  [OddsPoll] Failed: It looks like you are using Playwright Sync API inside the asyncio loop.
Please use the Async API instead.
  [Health] Reset thread event loop (recovering from killed browser)
  [OddsPoll] Failed: It looks like you are using Playwright Sync API inside the asyncio loop.
Please use the Async API instead.
  [Health] Reset thread event loop (recovering from killed browser)
  [OddsPoll] Failed: It looks like you are using Playwright Sync API inside the asyncio loop.
Please use the Async API instead.
  [Health] Reset thread event loop (recovering from killed browser)
  [OddsPoll] Failed: It looks like you are using Playwright Sync API inside the asyncio loop.
Please use the Async API instead.
  [Health] Reset thread event loop (recovering from killed browser)
  [OddsPoll] Failed: It looks like you are using Playwright Sync API inside the asyncio loop.
Please use the Async API instead.
  [Health] Reset thread event loop (recovering from killed browser)
  [OddsPoll] Failed: It looks like you are using Playwright Sync API inside the asyncio loop.
Please use the Async API instead.
  [Health] Reset thread event loop (recovering from killed browser)
  [OddsPoll] Failed: It looks like you are using Playwright Sync API inside the asyncio loop.
Please use the Async API instead.
  [Health] Reset thread event loop (recovering from killed browser)
  [OddsPoll] Failed: It looks like you are using Playwright Sync API inside the asyncio loop.
Please use the Async API instead.
  [Health] Reset thread event loop (recovering from killed browser)
  [OddsPoll] Failed: It looks like you are using Playwright Sync API inside the asyncio loop.
Please use the Async API instead.
  [Health] Reset thread event loop (recovering from killed browser)
  [OddsPoll] Failed: It looks like you are using Playwright Sync API inside the asyncio loop.
Please use the Async API instead.
  [Health] Reset thread event loop (recovering from killed browser)
  [OddsPoll] Failed: It looks like you are using Playwright Sync API inside the asyncio loop.
Please use the Async API instead.
  [Health] Reset thread event loop (recovering from killed browser)
  [OddsPoll] Failed: It looks like you are using Playwright Sync API inside the asyncio loop.
Please use the Async API instead.
  [Health] Reset thread event loop (recovering from killed browser)
  [OddsPoll] Failed: It looks like you are using Playwright Sync API inside the asyncio loop.
Please use the Async API instead.
  [Health] Reset thread event loop (recovering from killed browser)
  [OddsPoll] Failed: It looks like you are using Playwright Sync API inside the asyncio loop.
Please use the Async API instead.
  [Scraper] Pruned 12 odds files older than 24h

  [Scraper] QUICK scrape at 2026-07-09 04:06:09.540381
  [Health] Reset thread event loop (recovering from killed browser)
  [Scraper] Quick scrape failed: It looks like you are using Playwright Sync API inside the asyncio loop.
Please use the Async API instead.
  [Scraper] Rebuilding models...
  [App] Loading football data...
  [Data] England: 22860 matches from seasons [1, 2, 3, 4]
  [Data] France: 39437 matches from seasons [1, 2, 3, 4]
  [Data] Germany: 50373 matches from seasons [1, 2, 3, 4]
  [Data] Italy: 58670 matches from seasons [1, 2, 3, 4]
  [Data] Spain: 64260 matches from seasons [1, 2, 3, 4]
  [Data] Turkey: 51966 matches from seasons [1, 2, 3, 4]
  [App] Building Poisson models...
  [Health] Reset thread event loop (recovering from killed browser)
  [OddsPoll] Failed: It looks like you are using Playwright Sync API inside the asyncio loop.
Please use the Async API instead.
  [App] Evaluating accuracy & building improved models...
  [Accuracy] England: 3930 evaluated, 1X2=49.2%, O2.5=54.8%, BTTS=55.0%
  [Accuracy] France: 5891 evaluated, 1X2=46.9%, O2.5=52.5%, BTTS=52.2%
  [Accuracy] Germany: 6047 evaluated, 1X2=47.9%, O2.5=52.8%, BTTS=54.4%
  [Accuracy] Italy: 6590 evaluated, 1X2=48.9%, O2.5=52.4%, BTTS=51.5%
  [Accuracy] Spain: 6257 evaluated, 1X2=47.8%, O2.5=53.5%, BTTS=52.2%
  [Health] Reset thread event loop (recovering from killed browser)
  [OddsPoll] Failed: It looks like you are using Playwright Sync API inside the asyncio loop.
Please use the Async API instead.
  [Accuracy] Turkey: 5721 evaluated, 1X2=45.4%, O2.5=52.8%, BTTS=53.1%
  [App] Loading racing data...
  [Data] Greyhound Racing: 2264 races, venues: London, Santa Monica
  [Data] Horse Racing: 2129 races, venues: Dubai, Golden Gate Fields, Kentucky, Queen Mary, Royal Meadow, San Pablo
  [Data] Motorbike Racing: 1211 races, venues: Southern
  [Data] Speedway Racing: 893 races, venues: Bristol
  [App] Building racing models...
  [App] Models ready: 6 football leagues, 10 racing venues, 342 predictions, 342 improved predictions
  [Health] models_rebuild: ok 07-09 04:06:21  |  odds_scrape: !! 07-09 04:06:19  It looks like you are using Playwright Sync API inside the asyncio loop.
Please use the Async API instead.  |  racing_results: ok 07-08 16:08:44  |  racing_upcoming: ok 07-08 16:48:39  |  results_scrape: ok 07-08 16:08:17  |  virtual_session: ok 07-08 16:07:25
  [Health] Reset thread event loop (recovering from killed browser)
  [OddsPoll] Failed: It looks like you are using Playwright Sync API inside the asyncio loop.
Please use the Async API instead.
  [Health] Reset thread event loop (recovering from killed browser)
  [OddsPoll] Failed: It looks like you are using Playwright Sync API inside the asyncio loop.
Please use the Async API instead.
  [Health] Reset thread event loop (recovering from killed browser)
  [OddsPoll] Failed: It looks like you are using Playwright Sync API inside the asyncio loop.
Please use the Async API instead.
  [Health] Reset thread event loop (recovering from killed browser)
  [OddsPoll] Failed: It looks like you are using Playwright Sync API inside the asyncio loop.
Please use the Async API instead.
  [Health] Reset thread event loop (recovering from killed browser)
  [OddsPoll] Failed: It looks like you are using Playwright Sync API inside the asyncio loop.
Please use the Async API instead.
  [Health] Reset thread event loop (recovering from killed browser)
  [OddsPoll] Failed: It looks like you are using Playwright Sync API inside the asyncio loop.
Please use the Async API instead.
  [Health] Reset thread event loop (recovering from killed browser)
  [OddsPoll] Failed: It looks like you are using Playwright Sync API inside the asyncio loop.
Please use the Async API instead.
  [Health] Reset thread event loop (recovering from killed browser)
  [OddsPoll] Failed: It looks like you are using Playwright Sync API inside the asyncio loop.
Please use the Async API instead.
  [Health] Reset thread event loop (recovering from killed browser)
  [OddsPoll] Failed: It looks like you are using Playwright Sync API inside the asyncio loop.
Please use the Async API instead.
  [Health] Reset thread event loop (recovering from killed browser)
  [OddsPoll] Failed: It looks like you are using Playwright Sync API inside the asyncio loop.
Please use the Async API instead.
  [Health] Reset thread event loop (recovering from killed browser)
  [OddsPoll] Failed: It looks like you are using Playwright Sync API inside the asyncio loop.
Please use the Async API instead.
  [Health] Reset thread event loop (recovering from killed browser)
  [OddsPoll] Failed: It looks like you are using Playwright Sync API inside the asyncio loop.
Please use the Async API instead.
  [Health] Reset thread event loop (recovering from killed browser)
  [OddsPoll] Failed: It looks like you are using Playwright Sync API inside the asyncio loop.
Please use the Async API instead.
  [Health] Reset thread event loop (recovering from killed browser)
  [OddsPoll] Failed: It looks like you are using Playwright Sync API inside the asyncio loop.
Please use the Async API instead.
  [Health] Reset thread event loop (recovering from killed browser)
  [OddsPoll] Failed: It looks like you are using Playwright Sync API inside the asyncio loop.
Please use the Async API instead.
  [Health] Reset thread event loop (recovering from killed browser)
  [OddsPoll] Failed: It looks like you are using Playwright Sync API inside the asyncio loop.
Please use the Async API instead.
  [Health] Reset thread event loop (recovering from killed browser)
  [OddsPoll] Failed: It looks like you are using Playwright Sync API inside the asyncio loop.
Please use the Async API instead.
  [Health] Reset thread event loop (recovering from killed browser)
  [OddsPoll] Failed: It looks like you are using Playwright Sync API inside the asyncio loop.
Please use the Async API instead.
  [Health] Reset thread event loop (recovering from killed browser)
  [OddsPoll] Failed: It looks like you are using Playwright Sync API inside the asyncio loop.
Please use the Async API instead.
  [Health] Reset thread event loop (recovering from killed browser)
  [OddsPoll] Failed: It looks like you are using Playwright Sync API inside the asyncio loop.
Please use the Async API instead.
  [Health] Reset thread event loop (recovering from killed browser)
  [OddsPoll] Failed: It looks like you are using Playwright Sync API inside the asyncio loop.
Please use the Async API instead.
  [Health] Reset thread event loop (recovering from killed browser)
  [OddsPoll] Failed: It looks like you are using Playwright Sync API inside the asyncio loop.
Please use the Async API instead.
  [Health] Reset thread event loop (recovering from killed browser)
  [OddsPoll] Failed: It looks like you are using Playwright Sync API inside the asyncio loop.
Please use the Async API instead.
  [Health] Reset thread event loop (recovering from killed browser)
  [OddsPoll] Failed: It looks like you are using Playwright Sync API inside the asyncio loop.
Please use the Async API instead.
  [Health] Reset thread event loop (recovering from killed browser)
  [OddsPoll] Failed: It looks like you are using Playwright Sync API inside the asyncio loop.
Please use the Async API instead.
  [Health] Reset thread event loop (recovering from killed browser)
  [OddsPoll] Failed: It looks like you are using Playwright Sync API inside the asyncio loop.
Please use the Async API instead.
  [Health] Reset thread event loop (recovering from killed browser)
  [OddsPoll] Failed: It looks like you are using Playwright Sync API inside the asyncio loop.
Please use the Async API instead.
  [Health] Reset thread event loop (recovering from killed browser)
  [OddsPoll] Failed: It looks like you are using Playwright Sync API inside the asyncio loop.
Please use the Async API instead.
  [Health] Reset thread event loop (recovering from killed browser)
  [OddsPoll] Failed: It looks like you are using Playwright Sync API inside the asyncio loop.
Please use the Async API instead.
  [Health] Reset thread event loop (recovering from killed browser)
  [OddsPoll] Failed: It looks like you are using Playwright Sync API inside the asyncio loop.
Please use the Async API instead.
  [Health] Reset thread event loop (recovering from killed browser)
  [OddsPoll] Failed: It looks like you are using Playwright Sync API inside the asyncio loop.
Please use the Async API instead.
  [Health] Reset thread event loop (recovering from killed browser)
  [OddsPoll] Failed: It looks like you are using Playwright Sync API inside the asyncio loop.
Please use the Async API instead.
  [Health] Reset thread event loop (recovering from killed browser)
  [OddsPoll] Failed: It looks like you are using Playwright Sync API inside the asyncio loop.
Please use the Async API instead.
  [Health] Reset thread event loop (recovering from killed browser)
  [OddsPoll] Failed: It looks like you are using Playwright Sync API inside the asyncio loop.
Please use the Async API instead.
  [Health] Reset thread event loop (recovering from killed browser)
  [OddsPoll] Failed: It looks like you are using Playwright Sync API inside the asyncio loop.
Please use the Async API instead.
  [Health] Reset thread event loop (recovering from killed browser)
  [OddsPoll] Failed: It looks like you are using Playwright Sync API inside the asyncio loop.
Please use the Async API instead.
  [Health] Reset thread event loop (recovering from killed browser)
  [OddsPoll] Failed: It looks like you are using Playwright Sync API inside the asyncio loop.
Please use the Async API instead.
  [Health] Reset thread event loop (recovering from killed browser)
  [OddsPoll] Failed: It looks like you are using Playwright Sync API inside the asyncio loop.
Please use the Async API instead.
  [Health] Reset thread event loop (recovering from killed browser)
  [OddsPoll] Failed: It looks like you are using Playwright Sync API inside the asyncio loop.
Please use the Async API instead.
  [Health] Reset thread event loop (recovering from killed browser)
  [OddsPoll] Failed: It looks like you are using Playwright Sync API inside the asyncio loop.
Please use the Async API instead.
  [Health] Reset thread event loop (recovering from killed browser)
  [OddsPoll] Failed: It looks like you are using Playwright Sync API inside the asyncio loop.
Please use the Async API instead.
  [Health] Reset thread event loop (recovering from killed browser)
  [OddsPoll] Failed: It looks like you are using Playwright Sync API inside the asyncio loop.
Please use the Async API instead.
  [Health] Reset thread event loop (recovering from killed browser)
  [OddsPoll] Failed: It looks like you are using Playwright Sync API inside the asyncio loop.
Please use the Async API instead.
  [Health] Reset thread event loop (recovering from killed browser)
  [OddsPoll] Failed: It looks like you are using Playwright Sync API inside the asyncio loop.
Please use the Async API instead.
  [Health] Reset thread event loop (recovering from killed browser)
  [OddsPoll] Failed: It looks like you are using Playwright Sync API inside the asyncio loop.
Please use the Async API instead.
  [Health] Reset thread event loop (recovering from killed browser)
  [OddsPoll] Failed: It looks like you are using Playwright Sync API inside the asyncio loop.
Please use the Async API instead.
  [Health] Reset thread event loop (recovering from killed browser)
  [OddsPoll] Failed: It looks like you are using Playwright Sync API inside the asyncio loop.
Please use the Async API instead.
  [Health] Reset thread event loop (recovering from killed browser)
  [OddsPoll] Failed: It looks like you are using Playwright Sync API inside the asyncio loop.
Please use the Async API instead.
  [Health] Reset thread event loop (recovering from killed browser)
  [OddsPoll] Failed: It looks like you are using Playwright Sync API inside the asyncio loop.
Please use the Async API instead.
  [Health] Reset thread event loop (recovering from killed browser)
  [OddsPoll] Failed: It looks like you are using Playwright Sync API inside the asyncio loop.
Please use the Async API instead.
  [Health] Reset thread event loop (recovering from killed browser)
  [OddsPoll] Failed: It looks like you are using Playwright Sync API inside the asyncio loop.
Please use the Async API instead.
  [Health] Reset thread event loop (recovering from killed browser)
  [OddsPoll] Failed: It looks like you are using Playwright Sync API inside the asyncio loop.
Please use the Async API instead.
  [Health] Reset thread event loop (recovering from killed browser)
  [OddsPoll] Failed: It looks like you are using Playwright Sync API inside the asyncio loop.
Please use the Async API instead.
  [Health] Reset thread event loop (recovering from killed browser)
  [OddsPoll] Failed: It looks like you are using Playwright Sync API inside the asyncio loop.
Please use the Async API instead.
  [Health] Reset thread event loop (recovering from killed browser)
  [OddsPoll] Failed: It looks like you are using Playwright Sync API inside the asyncio loop.
Please use the Async API instead.
  [Health] Reset thread event loop (recovering from killed browser)
  [OddsPoll] Failed: It looks like you are using Playwright Sync API inside the asyncio loop.
Please use the Async API instead.
  [Health] Reset thread event loop (recovering from killed browser)
  [OddsPoll] Failed: It looks like you are using Playwright Sync API inside the asyncio loop.
Please use the Async API instead.
  [Health] Reset thread event loop (recovering from killed browser)
  [OddsPoll] Failed: It looks like you are using Playwright Sync API inside the asyncio loop.
Please use the Async API instead.
  [Health] Reset thread event loop (recovering from killed browser)
  [OddsPoll] Failed: It looks like you are using Playwright Sync API inside the asyncio loop.
Please use the Async API instead.
  [Health] Reset thread event loop (recovering from killed browser)
  [OddsPoll] Failed: It looks like you are using Playwright Sync API inside the asyncio loop.
Please use the Async API instead.
  [Scraper] Pruned 12 odds files older than 24h

  [Scraper] QUICK scrape at 2026-07-09 04:11:21.154232
  [Health] Reset thread event loop (recovering from killed browser)
  [Scraper] Quick scrape failed: It looks like you are using Playwright Sync API inside the asyncio loop.
Please use the Async API instead.
  [Scraper] Rebuilding models...
  [App] Loading football data...
  [Data] England: 22860 matches from seasons [1, 2, 3, 4]
  [Data] France: 39437 matches from seasons [1, 2, 3, 4]
  [Data] Germany: 50373 matches from seasons [1, 2, 3, 4]
  [Data] Italy: 58670 matches from seasons [1, 2, 3, 4]
  [Data] Spain: 64260 matches from seasons [1, 2, 3, 4]
  [Health] Reset thread event loop (recovering from killed browser)
  [OddsPoll] Failed: It looks like you are using Playwright Sync API inside the asyncio loop.
Please use the Async API instead.
  [Data] Turkey: 51966 matches from seasons [1, 2, 3, 4]
  [App] Building Poisson models...
  [App] Evaluating accuracy & building improved models...
  [Accuracy] England: 3930 evaluated, 1X2=49.2%, O2.5=54.8%, BTTS=55.0%
  [Accuracy] France: 5891 evaluated, 1X2=46.9%, O2.5=52.5%, BTTS=52.2%
  [Accuracy] Germany: 6047 evaluated, 1X2=47.9%, O2.5=52.8%, BTTS=54.4%
  [Accuracy] Italy: 6590 evaluated, 1X2=48.9%, O2.5=52.4%, BTTS=51.5%
  [Health] Reset thread event loop (recovering from killed browser)
  [OddsPoll] Failed: It looks like you are using Playwright Sync API inside the asyncio loop.
Please use the Async API instead.
  [Accuracy] Spain: 6257 evaluated, 1X2=47.8%, O2.5=53.5%, BTTS=52.2%
  [Accuracy] Turkey: 5721 evaluated, 1X2=45.4%, O2.5=52.8%, BTTS=53.1%
  [App] Loading racing data...
  [Data] Greyhound Racing: 2264 races, venues: London, Santa Monica
  [Data] Horse Racing: 2129 races, venues: Dubai, Golden Gate Fields, Kentucky, Queen Mary, Royal Meadow, San Pablo
  [Data] Motorbike Racing: 1211 races, venues: Southern
  [Data] Speedway Racing: 893 races, venues: Bristol
  [App] Building racing models...
  [App] Models ready: 6 football leagues, 10 racing venues, 342 predictions, 342 improved predictions
  [Health] models_rebuild: ok 07-09 04:11:32  |  odds_scrape: !! 07-09 04:11:30  It looks like you are using Playwright Sync API inside the asyncio loop.
Please use the Async API instead.  |  racing_results: ok 07-08 16:08:44  |  racing_upcoming: ok 07-08 16:48:39  |  results_scrape: ok 07-08 16:08:17  |  virtual_session: ok 07-08 16:07:25
  [Health] Reset thread event loop (recovering from killed browser)
  [OddsPoll] Failed: It looks like you are using Playwright Sync API inside the asyncio loop.
Please use the Async API instead.
  [Health] Reset thread event loop (recovering from killed browser)
  [OddsPoll] Failed: It looks like you are using Playwright Sync API inside the asyncio loop.
Please use the Async API instead.
  [Health] Reset thread event loop (recovering from killed browser)
  [OddsPoll] Failed: It looks like you are using Playwright Sync API inside the asyncio loop.
Please use the Async API instead.
  [Health] Reset thread event loop (recovering from killed browser)
  [OddsPoll] Failed: It looks like you are using Playwright Sync API inside the asyncio loop.
Please use the Async API instead.
  [Health] Reset thread event loop (recovering from killed browser)
  [OddsPoll] Failed: It looks like you are using Playwright Sync API inside the asyncio loop.
Please use the Async API instead.
  [Health] Reset thread event loop (recovering from killed browser)
  [OddsPoll] Failed: It looks like you are using Playwright Sync API inside the asyncio loop.
Please use the Async API instead.
  [Health] Reset thread event loop (recovering from killed browser)
  [OddsPoll] Failed: It looks like you are using Playwright Sync API inside the asyncio loop.
Please use the Async API instead.
  [Health] Reset thread event loop (recovering from killed browser)
  [OddsPoll] Failed: It looks like you are using Playwright Sync API inside the asyncio loop.
Please use the Async API instead.
  [Health] Reset thread event loop (recovering from killed browser)
  [OddsPoll] Failed: It looks like you are using Playwright Sync API inside the asyncio loop.
Please use the Async API instead.
  [Health] Reset thread event loop (recovering from killed browser)
  [OddsPoll] Failed: It looks like you are using Playwright Sync API inside the asyncio loop.
Please use the Async API instead.
  [Health] Reset thread event loop (recovering from killed browser)
  [OddsPoll] Failed: It looks like you are using Playwright Sync API inside the asyncio loop.
Please use the Async API instead.
  [Health] Reset thread event loop (recovering from killed browser)
  [OddsPoll] Failed: It looks like you are using Playwright Sync API inside the asyncio loop.
Please use the Async API instead.
  [Health] Reset thread event loop (recovering from killed browser)
  [OddsPoll] Failed: It looks like you are using Playwright Sync API inside the asyncio loop.
Please use the Async API instead.
  [Health] Reset thread event loop (recovering from killed browser)
  [OddsPoll] Failed: It looks like you are using Playwright Sync API inside the asyncio loop.
Please use the Async API instead.
  [Health] Reset thread event loop (recovering from killed browser)
  [OddsPoll] Failed: It looks like you are using Playwright Sync API inside the asyncio loop.
Please use the Async API instead.
  [Health] Reset thread event loop (recovering from killed browser)
  [OddsPoll] Failed: It looks like you are using Playwright Sync API inside the asyncio loop.
Please use the Async API instead.
  [Health] Reset thread event loop (recovering from killed browser)
  [OddsPoll] Failed: It looks like you are using Playwright Sync API inside the asyncio loop.
Please use the Async API instead.
  [Health] Reset thread event loop (recovering from killed browser)
  [OddsPoll] Failed: It looks like you are using Playwright Sync API inside the asyncio loop.
Please use the Async API instead.
  [Health] Reset thread event loop (recovering from killed browser)
  [OddsPoll] Failed: It looks like you are using Playwright Sync API inside the asyncio loop.
Please use the Async API instead.
  [Health] Reset thread event loop (recovering from killed browser)
  [OddsPoll] Failed: It looks like you are using Playwright Sync API inside the asyncio loop.
Please use the Async API instead.
  [Health] Reset thread event loop (recovering from killed browser)
  [OddsPoll] Failed: It looks like you are using Playwright Sync API inside the asyncio loop.
Please use the Async API instead.
  [Health] Reset thread event loop (recovering from killed browser)
  [OddsPoll] Failed: It looks like you are using Playwright Sync API inside the asyncio loop.
Please use the Async API instead.
  [Health] Reset thread event loop (recovering from killed browser)
  [OddsPoll] Failed: It looks like you are using Playwright Sync API inside the asyncio loop.
Please use the Async API instead.
  [Health] Reset thread event loop (recovering from killed browser)
  [OddsPoll] Failed: It looks like you are using Playwright Sync API inside the asyncio loop.
Please use the Async API instead.
  [Health] Reset thread event loop (recovering from killed browser)
  [OddsPoll] Failed: It looks like you are using Playwright Sync API inside the asyncio loop.
Please use the Async API instead.
  [Health] Reset thread event loop (recovering from killed browser)
  [OddsPoll] Failed: It looks like you are using Playwright Sync API inside the asyncio loop.
Please use the Async API instead.
  [Health] Reset thread event loop (recovering from killed browser)
  [OddsPoll] Failed: It looks like you are using Playwright Sync API inside the asyncio loop.
Please use the Async API instead.
  [Health] Reset thread event loop (recovering from killed browser)
  [OddsPoll] Failed: It looks like you are using Playwright Sync API inside the asyncio loop.
Please use the Async API instead.
  [Health] Reset thread event loop (recovering from killed browser)
  [OddsPoll] Failed: It looks like you are using Playwright Sync API inside the asyncio loop.
Please use the Async API instead.
  [Health] Reset thread event loop (recovering from killed browser)
  [OddsPoll] Failed: It looks like you are using Playwright Sync API inside the asyncio loop.
Please use the Async API instead.
  [Health] Reset thread event loop (recovering from killed browser)
  [OddsPoll] Failed: It looks like you are using Playwright Sync API inside the asyncio loop.
Please use the Async API instead.
  [Health] Reset thread event loop (recovering from killed browser)
  [OddsPoll] Failed: It looks like you are using Playwright Sync API inside the asyncio loop.
Please use the Async API instead.
  [Health] Reset thread event loop (recovering from killed browser)
  [OddsPoll] Failed: It looks like you are using Playwright Sync API inside the asyncio loop.
Please use the Async API instead.
  [Health] Reset thread event loop (recovering from killed browser)
  [OddsPoll] Failed: It looks like you are using Playwright Sync API inside the asyncio loop.
Please use the Async API instead.
  [Health] Reset thread event loop (recovering from killed browser)
  [OddsPoll] Failed: It looks like you are using Playwright Sync API inside the asyncio loop.
Please use the Async API instead.
  [Health] Reset thread event loop (recovering from killed browser)
  [OddsPoll] Failed: It looks like you are using Playwright Sync API inside the asyncio loop.
Please use the Async API instead.
  [Health] Reset thread event loop (recovering from killed browser)
  [OddsPoll] Failed: It looks like you are using Playwright Sync API inside the asyncio loop.
Please use the Async API instead.
  [Health] Reset thread event loop (recovering from killed browser)
  [OddsPoll] Failed: It looks like you are using Playwright Sync API inside the asyncio loop.
Please use the Async API instead.
  [Health] Reset thread event loop (recovering from killed browser)
  [OddsPoll] Failed: It looks like you are using Playwright Sync API inside the asyncio loop.
Please use the Async API instead.
  [Health] Reset thread event loop (recovering from killed browser)
  [OddsPoll] Failed: It looks like you are using Playwright Sync API inside the asyncio loop.
Please use the Async API instead.
  [Health] Reset thread event loop (recovering from killed browser)
  [OddsPoll] Failed: It looks like you are using Playwright Sync API inside the asyncio loop.
Please use the Async API instead.
  [Health] Reset thread event loop (recovering from killed browser)
  [OddsPoll] Failed: It looks like you are using Playwright Sync API inside the asyncio loop.
Please use the Async API instead.
  [Health] Reset thread event loop (recovering from killed browser)
  [OddsPoll] Failed: It looks like you are using Playwright Sync API inside the asyncio loop.
Please use the Async API instead.
  [Health] Reset thread event loop (recovering from killed browser)
  [OddsPoll] Failed: It looks like you are using Playwright Sync API inside the asyncio loop.
Please use the Async API instead.
  [Health] Reset thread event loop (recovering from killed browser)
  [OddsPoll] Failed: It looks like you are using Playwright Sync API inside the asyncio loop.
Please use the Async API instead.
  [Health] Reset thread event loop (recovering from killed browser)
  [OddsPoll] Failed: It looks like you are using Playwright Sync API inside the asyncio loop.
Please use the Async API instead.
  [Health] Reset thread event loop (recovering from killed browser)
  [OddsPoll] Failed: It looks like you are using Playwright Sync API inside the asyncio loop.
Please use the Async API instead.
  [Health] Reset thread event loop (recovering from killed browser)
  [OddsPoll] Failed: It looks like you are using Playwright Sync API inside the asyncio loop.
Please use the Async API instead.
  [Health] Reset thread event loop (recovering from killed browser)
  [OddsPoll] Failed: It looks like you are using Playwright Sync API inside the asyncio loop.
Please use the Async API instead.
  [Health] Reset thread event loop (recovering from killed browser)
  [OddsPoll] Failed: It looks like you are using Playwright Sync API inside the asyncio loop.
Please use the Async API instead.
  [Health] Reset thread event loop (recovering from killed browser)
  [OddsPoll] Failed: It looks like you are using Playwright Sync API inside the asyncio loop.
Please use the Async API instead.
  [Health] Reset thread event loop (recovering from killed browser)
  [OddsPoll] Failed: It looks like you are using Playwright Sync API inside the asyncio loop.
Please use the Async API instead.
  [Health] Reset thread event loop (recovering from killed browser)
  [OddsPoll] Failed: It looks like you are using Playwright Sync API inside the asyncio loop.
Please use the Async API instead.
  [Health] Reset thread event loop (recovering from killed browser)
  [OddsPoll] Failed: It looks like you are using Playwright Sync API inside the asyncio loop.
Please use the Async API instead.
  [Health] Reset thread event loop (recovering from killed browser)
  [OddsPoll] Failed: It looks like you are using Playwright Sync API inside the asyncio loop.
Please use the Async API instead.
  [Health] Reset thread event loop (recovering from killed browser)
  [OddsPoll] Failed: It looks like you are using Playwright Sync API inside the asyncio loop.
Please use the Async API instead.
  [Health] Reset thread event loop (recovering from killed browser)
  [OddsPoll] Failed: It looks like you are using Playwright Sync API inside the asyncio loop.
Please use the Async API instead.
  [Health] Reset thread event loop (recovering from killed browser)
  [OddsPoll] Failed: It looks like you are using Playwright Sync API inside the asyncio loop.
Please use the Async API instead.
  [Health] Reset thread event loop (recovering from killed browser)
  [OddsPoll] Failed: It looks like you are using Playwright Sync API inside the asyncio loop.
Please use the Async API instead.
  [Health] Reset thread event loop (recovering from killed browser)
  [OddsPoll] Failed: It looks like you are using Playwright Sync API inside the asyncio loop.
Please use the Async API instead.
  [Scraper] Pruned 12 odds files older than 24h

  [Scraper] QUICK scrape at 2026-07-09 04:16:32.759374
  [Health] Reset thread event loop (recovering from killed browser)
  [Scraper] Quick scrape failed: It looks like you are using Playwright Sync API inside the asyncio loop.
Please use the Async API instead.
  [Scraper] Rebuilding models...
  [App] Loading football data...
  [Health] Reset thread event loop (recovering from killed browser)
  [OddsPoll] Failed: It looks like you are using Playwright Sync API inside the asyncio loop.
Please use the Async API instead.
  [Data] England: 22860 matches from seasons [1, 2, 3, 4]
  [Data] France: 39437 matches from seasons [1, 2, 3, 4]
  [Data] Germany: 50373 matches from seasons [1, 2, 3, 4]
  [Data] Italy: 58670 matches from seasons [1, 2, 3, 4]
  [Data] Spain: 64260 matches from seasons [1, 2, 3, 4]
  [Data] Turkey: 51966 matches from seasons [1, 2, 3, 4]
  [App] Building Poisson models...
  [App] Evaluating accuracy & building improved models...
  [Accuracy] England: 3930 evaluated, 1X2=49.2%, O2.5=54.8%, BTTS=55.0%
  [Accuracy] France: 5891 evaluated, 1X2=46.9%, O2.5=52.5%, BTTS=52.2%
  [Accuracy] Germany: 6047 evaluated, 1X2=47.9%, O2.5=52.8%, BTTS=54.4%
  [Health] Reset thread event loop (recovering from killed browser)
  [OddsPoll] Failed: It looks like you are using Playwright Sync API inside the asyncio loop.
Please use the Async API instead.
  [Accuracy] Italy: 6590 evaluated, 1X2=48.9%, O2.5=52.4%, BTTS=51.5%
  [Accuracy] Spain: 6257 evaluated, 1X2=47.8%, O2.5=53.5%, BTTS=52.2%
  [Accuracy] Turkey: 5721 evaluated, 1X2=45.4%, O2.5=52.8%, BTTS=53.1%
  [App] Loading racing data...
  [Data] Greyhound Racing: 2264 races, venues: London, Santa Monica
  [Data] Horse Racing: 2129 races, venues: Dubai, Golden Gate Fields, Kentucky, Queen Mary, Royal Meadow, San Pablo
  [Data] Motorbike Racing: 1211 races, venues: Southern
  [Data] Speedway Racing: 893 races, venues: Bristol
  [App] Building racing models...
  [Health] Reset thread event loop (recovering from killed browser)
  [OddsPoll] Failed: It looks like you are using Playwright Sync API inside the asyncio loop.
Please use the Async API instead.
  [App] Models ready: 6 football leagues, 10 racing venues, 342 predictions, 342 improved predictions
  [Health] models_rebuild: ok 07-09 04:16:45  |  odds_scrape: !! 07-09 04:16:45  It looks like you are using Playwright Sync API inside the asyncio loop.
Please use the Async API instead.  |  racing_results: ok 07-08 16:08:44  |  racing_upcoming: ok 07-08 16:48:39  |  results_scrape: ok 07-08 16:08:17  |  virtual_session: ok 07-08 16:07:25
  [Health] Reset thread event loop (recovering from killed browser)
  [OddsPoll] Failed: It looks like you are using Playwright Sync API inside the asyncio loop.
Please use the Async API instead.
  [Health] Reset thread event loop (recovering from killed browser)
  [OddsPoll] Failed: It looks like you are using Playwright Sync API inside the asyncio loop.
Please use the Async API instead.
  [Health] Reset thread event loop (recovering from killed browser)
  [OddsPoll] Failed: It looks like you are using Playwright Sync API inside the asyncio loop.
Please use the Async API instead.
  [Health] Reset thread event loop (recovering from killed browser)
  [OddsPoll] Failed: It looks like you are using Playwright Sync API inside the asyncio loop.
Please use the Async API instead.
  [Health] Reset thread event loop (recovering from killed browser)
  [OddsPoll] Failed: It looks like you are using Playwright Sync API inside the asyncio loop.
Please use the Async API instead.
  [Health] Reset thread event loop (recovering from killed browser)
  [OddsPoll] Failed: It looks like you are using Playwright Sync API inside the asyncio loop.
Please use the Async API instead.
  [Health] Reset thread event loop (recovering from killed browser)
  [OddsPoll] Failed: It looks like you are using Playwright Sync API inside the asyncio loop.
Please use the Async API instead.
  [Health] Reset thread event loop (recovering from killed browser)
  [OddsPoll] Failed: It looks like you are using Playwright Sync API inside the asyncio loop.
Please use the Async API instead.
  [Health] Reset thread event loop (recovering from killed browser)
  [OddsPoll] Failed: It looks like you are using Playwright Sync API inside the asyncio loop.
Please use the Async API instead.
  [Health] Reset thread event loop (recovering from killed browser)
  [OddsPoll] Failed: It looks like you are using Playwright Sync API inside the asyncio loop.
Please use the Async API instead.
  [Health] Reset thread event loop (recovering from killed browser)
  [OddsPoll] Failed: It looks like you are using Playwright Sync API inside the asyncio loop.
Please use the Async API instead.
  [Health] Reset thread event loop (recovering from killed browser)
  [OddsPoll] Failed: It looks like you are using Playwright Sync API inside the asyncio loop.
Please use the Async API instead.
  [Health] Reset thread event loop (recovering from killed browser)
  [OddsPoll] Failed: It looks like you are using Playwright Sync API inside the asyncio loop.
Please use the Async API instead.
  [Health] Reset thread event loop (recovering from killed browser)
  [OddsPoll] Failed: It looks like you are using Playwright Sync API inside the asyncio loop.
Please use the Async API instead.
  [Health] Reset thread event loop (recovering from killed browser)
  [OddsPoll] Failed: It looks like you are using Playwright Sync API inside the asyncio loop.
Please use the Async API instead.
  [Health] Reset thread event loop (recovering from killed browser)
  [OddsPoll] Failed: It looks like you are using Playwright Sync API inside the asyncio loop.
Please use the Async API instead.
  [Health] Reset thread event loop (recovering from killed browser)
  [OddsPoll] Failed: It looks like you are using Playwright Sync API inside the asyncio loop.
Please use the Async API instead.
  [Health] Reset thread event loop (recovering from killed browser)
  [OddsPoll] Failed: It looks like you are using Playwright Sync API inside the asyncio loop.
Please use the Async API instead.
  [Health] Reset thread event loop (recovering from killed browser)
  [OddsPoll] Failed: It looks like you are using Playwright Sync API inside the asyncio loop.
Please use the Async API instead.
  [Health] Reset thread event loop (recovering from killed browser)
  [OddsPoll] Failed: It looks like you are using Playwright Sync API inside the asyncio loop.
Please use the Async API instead.
  [Health] Reset thread event loop (recovering from killed browser)
  [OddsPoll] Failed: It looks like you are using Playwright Sync API inside the asyncio loop.
Please use the Async API instead.
  [Health] Reset thread event loop (recovering from killed browser)
  [OddsPoll] Failed: It looks like you are using Playwright Sync API inside the asyncio loop.
Please use the Async API instead.
  [Health] Reset thread event loop (recovering from killed browser)
  [OddsPoll] Failed: It looks like you are using Playwright Sync API inside the asyncio loop.
Please use the Async API instead.
  [Health] Reset thread event loop (recovering from killed browser)
  [OddsPoll] Failed: It looks like you are using Playwright Sync API inside the asyncio loop.
Please use the Async API instead.
  [Health] Reset thread event loop (recovering from killed browser)
  [OddsPoll] Failed: It looks like you are using Playwright Sync API inside the asyncio loop.
Please use the Async API instead.
  [Health] Reset thread event loop (recovering from killed browser)
  [OddsPoll] Failed: It looks like you are using Playwright Sync API inside the asyncio loop.
Please use the Async API instead.
  [Health] Reset thread event loop (recovering from killed browser)
  [OddsPoll] Failed: It looks like you are using Playwright Sync API inside the asyncio loop.
Please use the Async API instead.
  [Health] Reset thread event loop (recovering from killed browser)
  [OddsPoll] Failed: It looks like you are using Playwright Sync API inside the asyncio loop.
Please use the Async API instead.
  [Health] Reset thread event loop (recovering from killed browser)
  [OddsPoll] Failed: It looks like you are using Playwright Sync API inside the asyncio loop.
Please use the Async API instead.
  [Health] Reset thread event loop (recovering from killed browser)
  [OddsPoll] Failed: It looks like you are using Playwright Sync API inside the asyncio loop.
Please use the Async API instead.
  [Health] Reset thread event loop (recovering from killed browser)
  [OddsPoll] Failed: It looks like you are using Playwright Sync API inside the asyncio loop.
Please use the Async API instead.
  [Health] Reset thread event loop (recovering from killed browser)
  [OddsPoll] Failed: It looks like you are using Playwright Sync API inside the asyncio loop.
Please use the Async API instead.
  [Health] Reset thread event loop (recovering from killed browser)
  [OddsPoll] Failed: It looks like you are using Playwright Sync API inside the asyncio loop.
Please use the Async API instead.
  [Health] Reset thread event loop (recovering from killed browser)
  [OddsPoll] Failed: It looks like you are using Playwright Sync API inside the asyncio loop.
Please use the Async API instead.
  [Health] Reset thread event loop (recovering from killed browser)
  [OddsPoll] Failed: It looks like you are using Playwright Sync API inside the asyncio loop.
Please use the Async API instead.
  [Health] Reset thread event loop (recovering from killed browser)
  [OddsPoll] Failed: It looks like you are using Playwright Sync API inside the asyncio loop.
Please use the Async API instead.
  [Health] Reset thread event loop (recovering from killed browser)
  [OddsPoll] Failed: It looks like you are using Playwright Sync API inside the asyncio loop.
Please use the Async API instead.
  [Health] Reset thread event loop (recovering from killed browser)
  [OddsPoll] Failed: It looks like you are using Playwright Sync API inside the asyncio loop.
Please use the Async API instead.
  [Health] Reset thread event loop (recovering from killed browser)
  [OddsPoll] Failed: It looks like you are using Playwright Sync API inside the asyncio loop.
Please use the Async API instead.
  [Health] Reset thread event loop (recovering from killed browser)
  [OddsPoll] Failed: It looks like you are using Playwright Sync API inside the asyncio loop.
Please use the Async API instead.
  [Health] Reset thread event loop (recovering from killed browser)
  [OddsPoll] Failed: It looks like you are using Playwright Sync API inside the asyncio loop.
Please use the Async API instead.
  [Health] Reset thread event loop (recovering from killed browser)
  [OddsPoll] Failed: It looks like you are using Playwright Sync API inside the asyncio loop.
Please use the Async API instead.
  [Health] Reset thread event loop (recovering from killed browser)
  [OddsPoll] Failed: It looks like you are using Playwright Sync API inside the asyncio loop.
Please use the Async API instead.
  [Health] Reset thread event loop (recovering from killed browser)
  [OddsPoll] Failed: It looks like you are using Playwright Sync API inside the asyncio loop.
Please use the Async API instead.
  [Health] Reset thread event loop (recovering from killed browser)
  [OddsPoll] Failed: It looks like you are using Playwright Sync API inside the asyncio loop.
Please use the Async API instead.
  [Health] Reset thread event loop (recovering from killed browser)
  [OddsPoll] Failed: It looks like you are using Playwright Sync API inside the asyncio loop.
Please use the Async API instead.
  [Health] Reset thread event loop (recovering from killed browser)
  [OddsPoll] Failed: It looks like you are using Playwright Sync API inside the asyncio loop.
Please use the Async API instead.
  [Health] Reset thread event loop (recovering from killed browser)
  [OddsPoll] Failed: It looks like you are using Playwright Sync API inside the asyncio loop.
Please use the Async API instead.
  [Health] Reset thread event loop (recovering from killed browser)
  [OddsPoll] Failed: It looks like you are using Playwright Sync API inside the asyncio loop.
Please use the Async API instead.
  [Health] Reset thread event loop (recovering from killed browser)
  [OddsPoll] Failed: It looks like you are using Playwright Sync API inside the asyncio loop.
Please use the Async API instead.
  [Health] Reset thread event loop (recovering from killed browser)
  [OddsPoll] Failed: It looks like you are using Playwright Sync API inside the asyncio loop.
Please use the Async API instead.
  [Health] Reset thread event loop (recovering from killed browser)
  [OddsPoll] Failed: It looks like you are using Playwright Sync API inside the asyncio loop.
Please use the Async API instead.
  [Health] Reset thread event loop (recovering from killed browser)
  [OddsPoll] Failed: It looks like you are using Playwright Sync API inside the asyncio loop.
Please use the Async API instead.
  [Health] Reset thread event loop (recovering from killed browser)
  [OddsPoll] Failed: It looks like you are using Playwright Sync API inside the asyncio loop.
Please use the Async API instead.
  [Health] Reset thread event loop (recovering from killed browser)
  [OddsPoll] Failed: It looks like you are using Playwright Sync API inside the asyncio loop.
Please use the Async API instead.
  [Health] Reset thread event loop (recovering from killed browser)
  [OddsPoll] Failed: It looks like you are using Playwright Sync API inside the asyncio loop.
Please use the Async API instead.
  [Health] Reset thread event loop (recovering from killed browser)
  [OddsPoll] Failed: It looks like you are using Playwright Sync API inside the asyncio loop.
Please use the Async API instead.
  [Health] Reset thread event loop (recovering from killed browser)
  [OddsPoll] Failed: It looks like you are using Playwright Sync API inside the asyncio loop.
Please use the Async API instead.
  [Health] Reset thread event loop (recovering from killed browser)
  [OddsPoll] Failed: It looks like you are using Playwright Sync API inside the asyncio loop.
Please use the Async API instead.
  [Scraper] Pruned 12 odds files older than 24h

  [Scraper] QUICK scrape at 2026-07-09 04:21:45.686697
  [Health] Reset thread event loop (recovering from killed browser)
  [Scraper] Quick scrape failed: It looks like you are using Playwright Sync API inside the asyncio loop.
Please use the Async API instead.
  [Scraper] Rebuilding models...
  [App] Loading football data...
  [Health] Reset thread event loop (recovering from killed browser)
  [OddsPoll] Failed: It looks like you are using Playwright Sync API inside the asyncio loop.
Please use the Async API instead.
  [Data] England: 22860 matches from seasons [1, 2, 3, 4]
  [Data] France: 39437 matches from seasons [1, 2, 3, 4]
  [Data] Germany: 50373 matches from seasons [1, 2, 3, 4]
  [Data] Italy: 58670 matches from seasons [1, 2, 3, 4]
  [Data] Spain: 64260 matches from seasons [1, 2, 3, 4]
  [Data] Turkey: 51966 matches from seasons [1, 2, 3, 4]
  [App] Building Poisson models...
  [App] Evaluating accuracy & building improved models...
  [Accuracy] England: 3930 evaluated, 1X2=49.2%, O2.5=54.8%, BTTS=55.0%
  [Health] Reset thread event loop (recovering from killed browser)
  [OddsPoll] Failed: It looks like you are using Playwright Sync API inside the asyncio loop.
Please use the Async API instead.
  [Accuracy] France: 5891 evaluated, 1X2=46.9%, O2.5=52.5%, BTTS=52.2%
  [Accuracy] Germany: 6047 evaluated, 1X2=47.9%, O2.5=52.8%, BTTS=54.4%
  [Accuracy] Italy: 6590 evaluated, 1X2=48.9%, O2.5=52.4%, BTTS=51.5%
  [Accuracy] Spain: 6257 evaluated, 1X2=47.8%, O2.5=53.5%, BTTS=52.2%
  [Accuracy] Turkey: 5721 evaluated, 1X2=45.4%, O2.5=52.8%, BTTS=53.1%
  [Health] Reset thread event loop (recovering from killed browser)
  [App] Loading racing data...
  [OddsPoll] Failed: It looks like you are using Playwright Sync API inside the asyncio loop.
Please use the Async API instead.
  [Data] Greyhound Racing: 2264 races, venues: London, Santa Monica
  [Data] Horse Racing: 2129 races, venues: Dubai, Golden Gate Fields, Kentucky, Queen Mary, Royal Meadow, San Pablo
  [Data] Motorbike Racing: 1211 races, venues: Southern
  [Data] Speedway Racing: 893 races, venues: Bristol
  [App] Building racing models...
  [App] Models ready: 6 football leagues, 10 racing venues, 342 predictions, 342 improved predictions
  [Health] models_rebuild: ok 07-09 04:21:56  |  odds_scrape: !! 07-09 04:21:56  It looks like you are using Playwright Sync API inside the asyncio loop.
Please use the Async API instead.  |  racing_results: ok 07-08 16:08:44  |  racing_upcoming: ok 07-08 16:48:39  |  results_scrape: ok 07-08 16:08:17  |  virtual_session: ok 07-08 16:07:25
  [Health] Reset thread event loop (recovering from killed browser)
  [OddsPoll] Failed: It looks like you are using Playwright Sync API inside the asyncio loop.
Please use the Async API instead.
  [Health] Reset thread event loop (recovering from killed browser)
  [OddsPoll] Failed: It looks like you are using Playwright Sync API inside the asyncio loop.
Please use the Async API instead.
  [Health] Reset thread event loop (recovering from killed browser)
  [OddsPoll] Failed: It looks like you are using Playwright Sync API inside the asyncio loop.
Please use the Async API instead.
  [Health] Reset thread event loop (recovering from killed browser)
  [OddsPoll] Failed: It looks like you are using Playwright Sync API inside the asyncio loop.
Please use the Async API instead.
  [Health] Reset thread event loop (recovering from killed browser)
  [OddsPoll] Failed: It looks like you are using Playwright Sync API inside the asyncio loop.
Please use the Async API instead.
  [Health] Reset thread event loop (recovering from killed browser)
  [OddsPoll] Failed: It looks like you are using Playwright Sync API inside the asyncio loop.
Please use the Async API instead.
  [Health] Reset thread event loop (recovering from killed browser)
  [OddsPoll] Failed: It looks like you are using Playwright Sync API inside the asyncio loop.
Please use the Async API instead.
  [Health] Reset thread event loop (recovering from killed browser)
  [OddsPoll] Failed: It looks like you are using Playwright Sync API inside the asyncio loop.
Please use the Async API instead.
  [Health] Reset thread event loop (recovering from killed browser)
  [OddsPoll] Failed: It looks like you are using Playwright Sync API inside the asyncio loop.
Please use the Async API instead.
  [Health] Reset thread event loop (recovering from killed browser)
  [OddsPoll] Failed: It looks like you are using Playwright Sync API inside the asyncio loop.
Please use the Async API instead.
  [Health] Reset thread event loop (recovering from killed browser)
  [OddsPoll] Failed: It looks like you are using Playwright Sync API inside the asyncio loop.
Please use the Async API instead.
  [Health] Reset thread event loop (recovering from killed browser)
  [OddsPoll] Failed: It looks like you are using Playwright Sync API inside the asyncio loop.
Please use the Async API instead.
  [Health] Reset thread event loop (recovering from killed browser)
  [OddsPoll] Failed: It looks like you are using Playwright Sync API inside the asyncio loop.
Please use the Async API instead.
  [Health] Reset thread event loop (recovering from killed browser)
  [OddsPoll] Failed: It looks like you are using Playwright Sync API inside the asyncio loop.
Please use the Async API instead.
  [Health] Reset thread event loop (recovering from killed browser)
  [OddsPoll] Failed: It looks like you are using Playwright Sync API inside the asyncio loop.
Please use the Async API instead.
  [Health] Reset thread event loop (recovering from killed browser)
  [OddsPoll] Failed: It looks like you are using Playwright Sync API inside the asyncio loop.
Please use the Async API instead.
  [Health] Reset thread event loop (recovering from killed browser)
  [OddsPoll] Failed: It looks like you are using Playwright Sync API inside the asyncio loop.
Please use the Async API instead.
  [Health] Reset thread event loop (recovering from killed browser)
  [OddsPoll] Failed: It looks like you are using Playwright Sync API inside the asyncio loop.
Please use the Async API instead.
  [Health] Reset thread event loop (recovering from killed browser)
  [OddsPoll] Failed: It looks like you are using Playwright Sync API inside the asyncio loop.
Please use the Async API instead.
  [Health] Reset thread event loop (recovering from killed browser)
  [OddsPoll] Failed: It looks like you are using Playwright Sync API inside the asyncio loop.
Please use the Async API instead.
  [Health] Reset thread event loop (recovering from killed browser)
  [OddsPoll] Failed: It looks like you are using Playwright Sync API inside the asyncio loop.
Please use the Async API instead.
  [Health] Reset thread event loop (recovering from killed browser)
  [OddsPoll] Failed: It looks like you are using Playwright Sync API inside the asyncio loop.
Please use the Async API instead.
  [Health] Reset thread event loop (recovering from killed browser)
  [OddsPoll] Failed: It looks like you are using Playwright Sync API inside the asyncio loop.
Please use the Async API instead.
  [Health] Reset thread event loop (recovering from killed browser)
  [OddsPoll] Failed: It looks like you are using Playwright Sync API inside the asyncio loop.
Please use the Async API instead.
  [Health] Reset thread event loop (recovering from killed browser)
  [OddsPoll] Failed: It looks like you are using Playwright Sync API inside the asyncio loop.
Please use the Async API instead.
  [Health] Reset thread event loop (recovering from killed browser)
  [OddsPoll] Failed: It looks like you are using Playwright Sync API inside the asyncio loop.
Please use the Async API instead.
  [Health] Reset thread event loop (recovering from killed browser)
  [OddsPoll] Failed: It looks like you are using Playwright Sync API inside the asyncio loop.
Please use the Async API instead.
  [Health] Reset thread event loop (recovering from killed browser)
  [OddsPoll] Failed: It looks like you are using Playwright Sync API inside the asyncio loop.
Please use the Async API instead.
  [Health] Reset thread event loop (recovering from killed browser)
  [OddsPoll] Failed: It looks like you are using Playwright Sync API inside the asyncio loop.
Please use the Async API instead.
  [Health] Reset thread event loop (recovering from killed browser)
  [OddsPoll] Failed: It looks like you are using Playwright Sync API inside the asyncio loop.
Please use the Async API instead.
  [Health] Reset thread event loop (recovering from killed browser)
  [OddsPoll] Failed: It looks like you are using Playwright Sync API inside the asyncio loop.
Please use the Async API instead.
  [Health] Reset thread event loop (recovering from killed browser)
  [OddsPoll] Failed: It looks like you are using Playwright Sync API inside the asyncio loop.
Please use the Async API instead.
  [Health] Reset thread event loop (recovering from killed browser)
  [OddsPoll] Failed: It looks like you are using Playwright Sync API inside the asyncio loop.
Please use the Async API instead.
  [Health] Reset thread event loop (recovering from killed browser)
  [OddsPoll] Failed: It looks like you are using Playwright Sync API inside the asyncio loop.
Please use the Async API instead.
  [Health] Reset thread event loop (recovering from killed browser)
  [OddsPoll] Failed: It looks like you are using Playwright Sync API inside the asyncio loop.
Please use the Async API instead.
  [Health] Reset thread event loop (recovering from killed browser)
  [OddsPoll] Failed: It looks like you are using Playwright Sync API inside the asyncio loop.
Please use the Async API instead.
  [Health] Reset thread event loop (recovering from killed browser)
  [OddsPoll] Failed: It looks like you are using Playwright Sync API inside the asyncio loop.
Please use the Async API instead.
  [Health] Reset thread event loop (recovering from killed browser)
  [OddsPoll] Failed: It looks like you are using Playwright Sync API inside the asyncio loop.
Please use the Async API instead.
  [Health] Reset thread event loop (recovering from killed browser)
  [OddsPoll] Failed: It looks like you are using Playwright Sync API inside the asyncio loop.
Please use the Async API instead.
  [Health] Reset thread event loop (recovering from killed browser)
  [OddsPoll] Failed: It looks like you are using Playwright Sync API inside the asyncio loop.
Please use the Async API instead.
  [Health] Reset thread event loop (recovering from killed browser)
  [OddsPoll] Failed: It looks like you are using Playwright Sync API inside the asyncio loop.
Please use the Async API instead.
  [Health] Reset thread event loop (recovering from killed browser)
  [OddsPoll] Failed: It looks like you are using Playwright Sync API inside the asyncio loop.
Please use the Async API instead.
  [Health] Reset thread event loop (recovering from killed browser)
  [OddsPoll] Failed: It looks like you are using Playwright Sync API inside the asyncio loop.
Please use the Async API instead.
  [Health] Reset thread event loop (recovering from killed browser)
  [OddsPoll] Failed: It looks like you are using Playwright Sync API inside the asyncio loop.
Please use the Async API instead.
  [Health] Reset thread event loop (recovering from killed browser)
  [OddsPoll] Failed: It looks like you are using Playwright Sync API inside the asyncio loop.
Please use the Async API instead.
  [Health] Reset thread event loop (recovering from killed browser)
  [OddsPoll] Failed: It looks like you are using Playwright Sync API inside the asyncio loop.
Please use the Async API instead.
  [Health] Reset thread event loop (recovering from killed browser)
  [OddsPoll] Failed: It looks like you are using Playwright Sync API inside the asyncio loop.
Please use the Async API instead.
  [Health] Reset thread event loop (recovering from killed browser)
  [OddsPoll] Failed: It looks like you are using Playwright Sync API inside the asyncio loop.
Please use the Async API instead.
  [Health] Reset thread event loop (recovering from killed browser)
  [OddsPoll] Failed: It looks like you are using Playwright Sync API inside the asyncio loop.
Please use the Async API instead.
  [Health] Reset thread event loop (recovering from killed browser)
  [OddsPoll] Failed: It looks like you are using Playwright Sync API inside the asyncio loop.
Please use the Async API instead.
  [Health] Reset thread event loop (recovering from killed browser)
  [OddsPoll] Failed: It looks like you are using Playwright Sync API inside the asyncio loop.
Please use the Async API instead.
  [Health] Reset thread event loop (recovering from killed browser)
  [OddsPoll] Failed: It looks like you are using Playwright Sync API inside the asyncio loop.
Please use the Async API instead.
  [Health] Reset thread event loop (recovering from killed browser)
  [OddsPoll] Failed: It looks like you are using Playwright Sync API inside the asyncio loop.
Please use the Async API instead.
  [Health] Reset thread event loop (recovering from killed browser)
  [OddsPoll] Failed: It looks like you are using Playwright Sync API inside the asyncio loop.
Please use the Async API instead.
  [Health] Reset thread event loop (recovering from killed browser)
  [OddsPoll] Failed: It looks like you are using Playwright Sync API inside the asyncio loop.
Please use the Async API instead.
  [Health] Reset thread event loop (recovering from killed browser)
  [OddsPoll] Failed: It looks like you are using Playwright Sync API inside the asyncio loop.
Please use the Async API instead.
  [Health] Reset thread event loop (recovering from killed browser)
  [OddsPoll] Failed: It looks like you are using Playwright Sync API inside the asyncio loop.
Please use the Async API instead.
  [Health] Reset thread event loop (recovering from killed browser)
  [OddsPoll] Failed: It looks like you are using Playwright Sync API inside the asyncio loop.
Please use the Async API instead.
  [Health] Reset thread event loop (recovering from killed browser)
  [OddsPoll] Failed: It looks like you are using Playwright Sync API inside the asyncio loop.
Please use the Async API instead.
  [Health] Reset thread event loop (recovering from killed browser)
  [OddsPoll] Failed: It looks like you are using Playwright Sync API inside the asyncio loop.
Please use the Async API instead.
  [Scraper] Pruned 12 odds files older than 24h

  [Scraper] QUICK scrape at 2026-07-09 04:26:57.029880
  [Health] Reset thread event loop (recovering from killed browser)
  [Scraper] Quick scrape failed: It looks like you are using Playwright Sync API inside the asyncio loop.
Please use the Async API instead.
  [Scraper] Rebuilding models...
  [App] Loading football data...
  [Data] England: 22860 matches from seasons [1, 2, 3, 4]
  [Data] France: 39437 matches from seasons [1, 2, 3, 4]
  [Data] Germany: 50373 matches from seasons [1, 2, 3, 4]
  [Data] Italy: 58670 matches from seasons [1, 2, 3, 4]
  [Data] Spain: 64260 matches from seasons [1, 2, 3, 4]
  [Data] Turkey: 51966 matches from seasons [1, 2, 3, 4]
  [App] Building Poisson models...
  [App] Evaluating accuracy & building improved models...
  [Accuracy] England: 3930 evaluated, 1X2=49.2%, O2.5=54.8%, BTTS=55.0%
  [Health] Reset thread event loop (recovering from killed browser)
  [OddsPoll] Failed: It looks like you are using Playwright Sync API inside the asyncio loop.
Please use the Async API instead.
  [Accuracy] France: 5891 evaluated, 1X2=46.9%, O2.5=52.5%, BTTS=52.2%
  [Accuracy] Germany: 6047 evaluated, 1X2=47.9%, O2.5=52.8%, BTTS=54.4%
  [Accuracy] Italy: 6590 evaluated, 1X2=48.9%, O2.5=52.4%, BTTS=51.5%
  [Accuracy] Spain: 6257 evaluated, 1X2=47.8%, O2.5=53.5%, BTTS=52.2%
  [Health] Reset thread event loop (recovering from killed browser)
  [OddsPoll] Failed: It looks like you are using Playwright Sync API inside the asyncio loop.
Please use the Async API instead.
  [Accuracy] Turkey: 5721 evaluated, 1X2=45.4%, O2.5=52.8%, BTTS=53.1%
  [App] Loading racing data...
  [Data] Greyhound Racing: 2264 races, venues: London, Santa Monica
  [Data] Horse Racing: 2129 races, venues: Dubai, Golden Gate Fields, Kentucky, Queen Mary, Royal Meadow, San Pablo
  [Data] Motorbike Racing: 1211 races, venues: Southern
  [Data] Speedway Racing: 893 races, venues: Bristol
  [App] Building racing models...
  [App] Models ready: 6 football leagues, 10 racing venues, 342 predictions, 342 improved predictions
  [Health] models_rebuild: ok 07-09 04:27:07  |  odds_scrape: !! 07-09 04:27:06  It looks like you are using Playwright Sync API inside the asyncio loop.
Please use the Async API instead.  |  racing_results: ok 07-08 16:08:44  |  racing_upcoming: ok 07-08 16:48:39  |  results_scrape: ok 07-08 16:08:17  |  virtual_session: ok 07-08 16:07:25
  [Health] Reset thread event loop (recovering from killed browser)
  [OddsPoll] Failed: It looks like you are using Playwright Sync API inside the asyncio loop.
Please use the Async API instead.
  [Health] Reset thread event loop (recovering from killed browser)
  [OddsPoll] Failed: It looks like you are using Playwright Sync API inside the asyncio loop.
Please use the Async API instead.
  [Health] Reset thread event loop (recovering from killed browser)
  [OddsPoll] Failed: It looks like you are using Playwright Sync API inside the asyncio loop.
Please use the Async API instead.
  [Health] Reset thread event loop (recovering from killed browser)
  [OddsPoll] Failed: It looks like you are using Playwright Sync API inside the asyncio loop.
Please use the Async API instead.
  [Health] Reset thread event loop (recovering from killed browser)
  [OddsPoll] Failed: It looks like you are using Playwright Sync API inside the asyncio loop.
Please use the Async API instead.
  [Health] Reset thread event loop (recovering from killed browser)
  [OddsPoll] Failed: It looks like you are using Playwright Sync API inside the asyncio loop.
Please use the Async API instead.
  [Health] Reset thread event loop (recovering from killed browser)
  [OddsPoll] Failed: It looks like you are using Playwright Sync API inside the asyncio loop.
Please use the Async API instead.
  [Health] Reset thread event loop (recovering from killed browser)
  [OddsPoll] Failed: It looks like you are using Playwright Sync API inside the asyncio loop.
Please use the Async API instead.
  [Health] Reset thread event loop (recovering from killed browser)
  [OddsPoll] Failed: It looks like you are using Playwright Sync API inside the asyncio loop.
Please use the Async API instead.
  [Health] Reset thread event loop (recovering from killed browser)
  [OddsPoll] Failed: It looks like you are using Playwright Sync API inside the asyncio loop.
Please use the Async API instead.
  [Health] Reset thread event loop (recovering from killed browser)
  [OddsPoll] Failed: It looks like you are using Playwright Sync API inside the asyncio loop.
Please use the Async API instead.
  [Health] Reset thread event loop (recovering from killed browser)
  [OddsPoll] Failed: It looks like you are using Playwright Sync API inside the asyncio loop.
Please use the Async API instead.
  [Health] Reset thread event loop (recovering from killed browser)
  [OddsPoll] Failed: It looks like you are using Playwright Sync API inside the asyncio loop.
Please use the Async API instead.
  [Health] Reset thread event loop (recovering from killed browser)
  [OddsPoll] Failed: It looks like you are using Playwright Sync API inside the asyncio loop.
Please use the Async API instead.
  [Health] Reset thread event loop (recovering from killed browser)
  [OddsPoll] Failed: It looks like you are using Playwright Sync API inside the asyncio loop.
Please use the Async API instead.
  [Health] Reset thread event loop (recovering from killed browser)
  [OddsPoll] Failed: It looks like you are using Playwright Sync API inside the asyncio loop.
Please use the Async API instead.
  [Health] Reset thread event loop (recovering from killed browser)
  [OddsPoll] Failed: It looks like you are using Playwright Sync API inside the asyncio loop.
Please use the Async API instead.
  [Health] Reset thread event loop (recovering from killed browser)
  [OddsPoll] Failed: It looks like you are using Playwright Sync API inside the asyncio loop.
Please use the Async API instead.
  [Health] Reset thread event loop (recovering from killed browser)
  [OddsPoll] Failed: It looks like you are using Playwright Sync API inside the asyncio loop.
Please use the Async API instead.
  [Health] Reset thread event loop (recovering from killed browser)
  [OddsPoll] Failed: It looks like you are using Playwright Sync API inside the asyncio loop.
Please use the Async API instead.
  [Health] Reset thread event loop (recovering from killed browser)
  [OddsPoll] Failed: It looks like you are using Playwright Sync API inside the asyncio loop.
Please use the Async API instead.
  [Health] Reset thread event loop (recovering from killed browser)
  [OddsPoll] Failed: It looks like you are using Playwright Sync API inside the asyncio loop.
Please use the Async API instead.
  [Health] Reset thread event loop (recovering from killed browser)
  [OddsPoll] Failed: It looks like you are using Playwright Sync API inside the asyncio loop.
Please use the Async API instead.
  [Health] Reset thread event loop (recovering from killed browser)
  [OddsPoll] Failed: It looks like you are using Playwright Sync API inside the asyncio loop.
Please use the Async API instead.
  [Health] Reset thread event loop (recovering from killed browser)
  [OddsPoll] Failed: It looks like you are using Playwright Sync API inside the asyncio loop.
Please use the Async API instead.
  [Health] Reset thread event loop (recovering from killed browser)
  [OddsPoll] Failed: It looks like you are using Playwright Sync API inside the asyncio loop.
Please use the Async API instead.
  [Health] Reset thread event loop (recovering from killed browser)
  [OddsPoll] Failed: It looks like you are using Playwright Sync API inside the asyncio loop.
Please use the Async API instead.
  [Health] Reset thread event loop (recovering from killed browser)
  [OddsPoll] Failed: It looks like you are using Playwright Sync API inside the asyncio loop.
Please use the Async API instead.
  [Health] Reset thread event loop (recovering from killed browser)
  [OddsPoll] Failed: It looks like you are using Playwright Sync API inside the asyncio loop.
Please use the Async API instead.
  [Health] Reset thread event loop (recovering from killed browser)
  [OddsPoll] Failed: It looks like you are using Playwright Sync API inside the asyncio loop.
Please use the Async API instead.
  [Health] Reset thread event loop (recovering from killed browser)
  [OddsPoll] Failed: It looks like you are using Playwright Sync API inside the asyncio loop.
Please use the Async API instead.
  [Health] Reset thread event loop (recovering from killed browser)
  [OddsPoll] Failed: It looks like you are using Playwright Sync API inside the asyncio loop.
Please use the Async API instead.
  [Health] Reset thread event loop (recovering from killed browser)
  [OddsPoll] Failed: It looks like you are using Playwright Sync API inside the asyncio loop.
Please use the Async API instead.
  [Health] Reset thread event loop (recovering from killed browser)
  [OddsPoll] Failed: It looks like you are using Playwright Sync API inside the asyncio loop.
Please use the Async API instead.
  [Health] Reset thread event loop (recovering from killed browser)
  [OddsPoll] Failed: It looks like you are using Playwright Sync API inside the asyncio loop.
Please use the Async API instead.
  [Health] Reset thread event loop (recovering from killed browser)
  [OddsPoll] Failed: It looks like you are using Playwright Sync API inside the asyncio loop.
Please use the Async API instead.
  [Health] Reset thread event loop (recovering from killed browser)
  [OddsPoll] Failed: It looks like you are using Playwright Sync API inside the asyncio loop.
Please use the Async API instead.
  [Health] Reset thread event loop (recovering from killed browser)
  [OddsPoll] Failed: It looks like you are using Playwright Sync API inside the asyncio loop.
Please use the Async API instead.
  [Health] Reset thread event loop (recovering from killed browser)
  [OddsPoll] Failed: It looks like you are using Playwright Sync API inside the asyncio loop.
Please use the Async API instead.
  [Health] Reset thread event loop (recovering from killed browser)
  [OddsPoll] Failed: It looks like you are using Playwright Sync API inside the asyncio loop.
Please use the Async API instead.
  [Health] Reset thread event loop (recovering from killed browser)
  [OddsPoll] Failed: It looks like you are using Playwright Sync API inside the asyncio loop.
Please use the Async API instead.
  [Health] Reset thread event loop (recovering from killed browser)
  [OddsPoll] Failed: It looks like you are using Playwright Sync API inside the asyncio loop.
Please use the Async API instead.
  [Health] Reset thread event loop (recovering from killed browser)
  [OddsPoll] Failed: It looks like you are using Playwright Sync API inside the asyncio loop.
Please use the Async API instead.
  [Health] Reset thread event loop (recovering from killed browser)
  [OddsPoll] Failed: It looks like you are using Playwright Sync API inside the asyncio loop.
Please use the Async API instead.
  [Health] Reset thread event loop (recovering from killed browser)
  [OddsPoll] Failed: It looks like you are using Playwright Sync API inside the asyncio loop.
Please use the Async API instead.
  [Health] Reset thread event loop (recovering from killed browser)
  [OddsPoll] Failed: It looks like you are using Playwright Sync API inside the asyncio loop.
Please use the Async API instead.
  [Health] Reset thread event loop (recovering from killed browser)
  [OddsPoll] Failed: It looks like you are using Playwright Sync API inside the asyncio loop.
Please use the Async API instead.
  [Health] Reset thread event loop (recovering from killed browser)
  [OddsPoll] Failed: It looks like you are using Playwright Sync API inside the asyncio loop.
Please use the Async API instead.
  [Health] Reset thread event loop (recovering from killed browser)
  [OddsPoll] Failed: It looks like you are using Playwright Sync API inside the asyncio loop.
Please use the Async API instead.
  [Health] Reset thread event loop (recovering from killed browser)
  [OddsPoll] Failed: It looks like you are using Playwright Sync API inside the asyncio loop.
Please use the Async API instead.
  [Health] Reset thread event loop (recovering from killed browser)
  [OddsPoll] Failed: It looks like you are using Playwright Sync API inside the asyncio loop.
Please use the Async API instead.
  [Health] Reset thread event loop (recovering from killed browser)
  [OddsPoll] Failed: It looks like you are using Playwright Sync API inside the asyncio loop.
Please use the Async API instead.
  [Health] Reset thread event loop (recovering from killed browser)
  [OddsPoll] Failed: It looks like you are using Playwright Sync API inside the asyncio loop.
Please use the Async API instead.
  [Health] Reset thread event loop (recovering from killed browser)
  [OddsPoll] Failed: It looks like you are using Playwright Sync API inside the asyncio loop.
Please use the Async API instead.
  [Health] Reset thread event loop (recovering from killed browser)
  [OddsPoll] Failed: It looks like you are using Playwright Sync API inside the asyncio loop.
Please use the Async API instead.
  [Health] Reset thread event loop (recovering from killed browser)
  [OddsPoll] Failed: It looks like you are using Playwright Sync API inside the asyncio loop.
Please use the Async API instead.
  [Health] Reset thread event loop (recovering from killed browser)
  [OddsPoll] Failed: It looks like you are using Playwright Sync API inside the asyncio loop.
Please use the Async API instead.
  [Health] Reset thread event loop (recovering from killed browser)
  [OddsPoll] Failed: It looks like you are using Playwright Sync API inside the asyncio loop.
Please use the Async API instead.
  [Health] Reset thread event loop (recovering from killed browser)
  [OddsPoll] Failed: It looks like you are using Playwright Sync API inside the asyncio loop.
Please use the Async API instead.
  [Health] Reset thread event loop (recovering from killed browser)
  [OddsPoll] Failed: It looks like you are using Playwright Sync API inside the asyncio loop.
Please use the Async API instead.
  [Scraper] Pruned 6 odds files older than 24h

  [Scraper] QUICK scrape at 2026-07-09 04:32:07.821267
  [Health] Reset thread event loop (recovering from killed browser)
  [Scraper] Quick scrape failed: It looks like you are using Playwright Sync API inside the asyncio loop.
Please use the Async API instead.
  [Scraper] Rebuilding models...
  [App] Loading football data...
  [Data] England: 22860 matches from seasons [1, 2, 3, 4]
  [Data] France: 39437 matches from seasons [1, 2, 3, 4]
  [Data] Germany: 50373 matches from seasons [1, 2, 3, 4]
  [Data] Italy: 58670 matches from seasons [1, 2, 3, 4]
  [Data] Spain: 64260 matches from seasons [1, 2, 3, 4]
  [Data] Turkey: 51966 matches from seasons [1, 2, 3, 4]
  [App] Building Poisson models...
  [App] Evaluating accuracy & building improved models...
  [Health] Reset thread event loop (recovering from killed browser)
  [OddsPoll] Failed: It looks like you are using Playwright Sync API inside the asyncio loop.
Please use the Async API instead.
  [Accuracy] England: 3930 evaluated, 1X2=49.2%, O2.5=54.8%, BTTS=55.0%
  [Accuracy] France: 5891 evaluated, 1X2=46.9%, O2.5=52.5%, BTTS=52.2%
  [Accuracy] Germany: 6047 evaluated, 1X2=47.9%, O2.5=52.8%, BTTS=54.4%
  [Accuracy] Italy: 6590 evaluated, 1X2=48.9%, O2.5=52.4%, BTTS=51.5%
  [Accuracy] Spain: 6257 evaluated, 1X2=47.8%, O2.5=53.5%, BTTS=52.2%
  [Health] Reset thread event loop (recovering from killed browser)
  [OddsPoll] Failed: It looks like you are using Playwright Sync API inside the asyncio loop.
Please use the Async API instead.
  [Accuracy] Turkey: 5721 evaluated, 1X2=45.4%, O2.5=52.8%, BTTS=53.1%
  [App] Loading racing data...
  [Data] Greyhound Racing: 2264 races, venues: London, Santa Monica
  [Data] Horse Racing: 2129 races, venues: Dubai, Golden Gate Fields, Kentucky, Queen Mary, Royal Meadow, San Pablo
  [Data] Motorbike Racing: 1211 races, venues: Southern
  [Data] Speedway Racing: 893 races, venues: Bristol
  [App] Building racing models...
  [App] Models ready: 6 football leagues, 10 racing venues, 342 predictions, 342 improved predictions
  [Health] models_rebuild: ok 07-09 04:32:18  |  odds_scrape: !! 07-09 04:32:17  It looks like you are using Playwright Sync API inside the asyncio loop.
Please use the Async API instead.  |  racing_results: ok 07-08 16:08:44  |  racing_upcoming: ok 07-08 16:48:39  |  results_scrape: ok 07-08 16:08:17  |  virtual_session: ok 07-08 16:07:25
  [Health] Reset thread event loop (recovering from killed browser)
  [OddsPoll] Failed: It looks like you are using Playwright Sync API inside the asyncio loop.
Please use the Async API instead.
  [Health] Reset thread event loop (recovering from killed browser)
  [OddsPoll] Failed: It looks like you are using Playwright Sync API inside the asyncio loop.
Please use the Async API instead.
  [Health] Reset thread event loop (recovering from killed browser)
  [OddsPoll] Failed: It looks like you are using Playwright Sync API inside the asyncio loop.
Please use the Async API instead.
  [Health] Reset thread event loop (recovering from killed browser)
  [OddsPoll] Failed: It looks like you are using Playwright Sync API inside the asyncio loop.
Please use the Async API instead.
  [Health] Reset thread event loop (recovering from killed browser)
  [OddsPoll] Failed: It looks like you are using Playwright Sync API inside the asyncio loop.
Please use the Async API instead.
  [Health] Reset thread event loop (recovering from killed browser)
  [OddsPoll] Failed: It looks like you are using Playwright Sync API inside the asyncio loop.
Please use the Async API instead.
  [Health] Reset thread event loop (recovering from killed browser)
  [OddsPoll] Failed: It looks like you are using Playwright Sync API inside the asyncio loop.
Please use the Async API instead.
  [Health] Reset thread event loop (recovering from killed browser)
  [OddsPoll] Failed: It looks like you are using Playwright Sync API inside the asyncio loop.
Please use the Async API instead.
  [Health] Reset thread event loop (recovering from killed browser)
  [OddsPoll] Failed: It looks like you are using Playwright Sync API inside the asyncio loop.
Please use the Async API instead.
  [Health] Reset thread event loop (recovering from killed browser)
  [OddsPoll] Failed: It looks like you are using Playwright Sync API inside the asyncio loop.
Please use the Async API instead.
  [Health] Reset thread event loop (recovering from killed browser)
  [OddsPoll] Failed: It looks like you are using Playwright Sync API inside the asyncio loop.
Please use the Async API instead.
  [Health] Reset thread event loop (recovering from killed browser)
  [OddsPoll] Failed: It looks like you are using Playwright Sync API inside the asyncio loop.
Please use the Async API instead.
  [Health] Reset thread event loop (recovering from killed browser)
  [OddsPoll] Failed: It looks like you are using Playwright Sync API inside the asyncio loop.
Please use the Async API instead.
  [Health] Reset thread event loop (recovering from killed browser)
  [OddsPoll] Failed: It looks like you are using Playwright Sync API inside the asyncio loop.
Please use the Async API instead.
  [Health] Reset thread event loop (recovering from killed browser)
  [OddsPoll] Failed: It looks like you are using Playwright Sync API inside the asyncio loop.
Please use the Async API instead.
  [Health] Reset thread event loop (recovering from killed browser)
  [OddsPoll] Failed: It looks like you are using Playwright Sync API inside the asyncio loop.
Please use the Async API instead.
  [Health] Reset thread event loop (recovering from killed browser)
  [OddsPoll] Failed: It looks like you are using Playwright Sync API inside the asyncio loop.
Please use the Async API instead.
  [Health] Reset thread event loop (recovering from killed browser)
  [OddsPoll] Failed: It looks like you are using Playwright Sync API inside the asyncio loop.
Please use the Async API instead.
  [Health] Reset thread event loop (recovering from killed browser)
  [OddsPoll] Failed: It looks like you are using Playwright Sync API inside the asyncio loop.
Please use the Async API instead.
  [Health] Reset thread event loop (recovering from killed browser)
  [OddsPoll] Failed: It looks like you are using Playwright Sync API inside the asyncio loop.
Please use the Async API instead.
  [Health] Reset thread event loop (recovering from killed browser)
  [OddsPoll] Failed: It looks like you are using Playwright Sync API inside the asyncio loop.
Please use the Async API instead.
  [Health] Reset thread event loop (recovering from killed browser)
  [OddsPoll] Failed: It looks like you are using Playwright Sync API inside the asyncio loop.
Please use the Async API instead.
  [Health] Reset thread event loop (recovering from killed browser)
  [OddsPoll] Failed: It looks like you are using Playwright Sync API inside the asyncio loop.
Please use the Async API instead.
  [Health] Reset thread event loop (recovering from killed browser)
  [OddsPoll] Failed: It looks like you are using Playwright Sync API inside the asyncio loop.
Please use the Async API instead.
  [Health] Reset thread event loop (recovering from killed browser)
  [OddsPoll] Failed: It looks like you are using Playwright Sync API inside the asyncio loop.
Please use the Async API instead.
  [Health] Reset thread event loop (recovering from killed browser)
  [OddsPoll] Failed: It looks like you are using Playwright Sync API inside the asyncio loop.
Please use the Async API instead.
  [Health] Reset thread event loop (recovering from killed browser)
  [OddsPoll] Failed: It looks like you are using Playwright Sync API inside the asyncio loop.
Please use the Async API instead.
  [Health] Reset thread event loop (recovering from killed browser)
  [OddsPoll] Failed: It looks like you are using Playwright Sync API inside the asyncio loop.
Please use the Async API instead.
  [Health] Reset thread event loop (recovering from killed browser)
  [OddsPoll] Failed: It looks like you are using Playwright Sync API inside the asyncio loop.
Please use the Async API instead.
  [Health] Reset thread event loop (recovering from killed browser)
  [OddsPoll] Failed: It looks like you are using Playwright Sync API inside the asyncio loop.
Please use the Async API instead.
  [Health] Reset thread event loop (recovering from killed browser)
  [OddsPoll] Failed: It looks like you are using Playwright Sync API inside the asyncio loop.
Please use the Async API instead.
  [Health] Reset thread event loop (recovering from killed browser)
  [OddsPoll] Failed: It looks like you are using Playwright Sync API inside the asyncio loop.
Please use the Async API instead.
  [Health] Reset thread event loop (recovering from killed browser)
  [OddsPoll] Failed: It looks like you are using Playwright Sync API inside the asyncio loop.
Please use the Async API instead.
  [Health] Reset thread event loop (recovering from killed browser)
  [OddsPoll] Failed: It looks like you are using Playwright Sync API inside the asyncio loop.
Please use the Async API instead.
  [Health] Reset thread event loop (recovering from killed browser)
  [OddsPoll] Failed: It looks like you are using Playwright Sync API inside the asyncio loop.
Please use the Async API instead.
  [Health] Reset thread event loop (recovering from killed browser)
  [OddsPoll] Failed: It looks like you are using Playwright Sync API inside the asyncio loop.
Please use the Async API instead.
  [Health] Reset thread event loop (recovering from killed browser)
  [OddsPoll] Failed: It looks like you are using Playwright Sync API inside the asyncio loop.
Please use the Async API instead.
  [Health] Reset thread event loop (recovering from killed browser)
  [OddsPoll] Failed: It looks like you are using Playwright Sync API inside the asyncio loop.
Please use the Async API instead.
  [Health] Reset thread event loop (recovering from killed browser)
  [OddsPoll] Failed: It looks like you are using Playwright Sync API inside the asyncio loop.
Please use the Async API instead.
  [Health] Reset thread event loop (recovering from killed browser)
  [OddsPoll] Failed: It looks like you are using Playwright Sync API inside the asyncio loop.
Please use the Async API instead.
  [Health] Reset thread event loop (recovering from killed browser)
  [OddsPoll] Failed: It looks like you are using Playwright Sync API inside the asyncio loop.
Please use the Async API instead.
  [Health] Reset thread event loop (recovering from killed browser)
  [OddsPoll] Failed: It looks like you are using Playwright Sync API inside the asyncio loop.
Please use the Async API instead.
  [Health] Reset thread event loop (recovering from killed browser)
  [OddsPoll] Failed: It looks like you are using Playwright Sync API inside the asyncio loop.
Please use the Async API instead.
  [Health] Reset thread event loop (recovering from killed browser)
  [OddsPoll] Failed: It looks like you are using Playwright Sync API inside the asyncio loop.
Please use the Async API instead.
  [Health] Reset thread event loop (recovering from killed browser)
  [OddsPoll] Failed: It looks like you are using Playwright Sync API inside the asyncio loop.
Please use the Async API instead.
  [Health] Reset thread event loop (recovering from killed browser)
  [OddsPoll] Failed: It looks like you are using Playwright Sync API inside the asyncio loop.
Please use the Async API instead.
  [Health] Reset thread event loop (recovering from killed browser)
  [OddsPoll] Failed: It looks like you are using Playwright Sync API inside the asyncio loop.
Please use the Async API instead.
  [Health] Reset thread event loop (recovering from killed browser)
  [OddsPoll] Failed: It looks like you are using Playwright Sync API inside the asyncio loop.
Please use the Async API instead.
  [Health] Reset thread event loop (recovering from killed browser)
  [OddsPoll] Failed: It looks like you are using Playwright Sync API inside the asyncio loop.
Please use the Async API instead.
  [Health] Reset thread event loop (recovering from killed browser)
  [OddsPoll] Failed: It looks like you are using Playwright Sync API inside the asyncio loop.
Please use the Async API instead.
  [Health] Reset thread event loop (recovering from killed browser)
  [OddsPoll] Failed: It looks like you are using Playwright Sync API inside the asyncio loop.
Please use the Async API instead.
  [Health] Reset thread event loop (recovering from killed browser)
  [OddsPoll] Failed: It looks like you are using Playwright Sync API inside the asyncio loop.
Please use the Async API instead.
  [Health] Reset thread event loop (recovering from killed browser)
  [OddsPoll] Failed: It looks like you are using Playwright Sync API inside the asyncio loop.
Please use the Async API instead.
  [Health] Reset thread event loop (recovering from killed browser)
  [OddsPoll] Failed: It looks like you are using Playwright Sync API inside the asyncio loop.
Please use the Async API instead.
  [Health] Reset thread event loop (recovering from killed browser)
  [OddsPoll] Failed: It looks like you are using Playwright Sync API inside the asyncio loop.
Please use the Async API instead.
  [Health] Reset thread event loop (recovering from killed browser)
  [OddsPoll] Failed: It looks like you are using Playwright Sync API inside the asyncio loop.
Please use the Async API instead.
  [Health] Reset thread event loop (recovering from killed browser)
  [OddsPoll] Failed: It looks like you are using Playwright Sync API inside the asyncio loop.
Please use the Async API instead.
  [Health] Reset thread event loop (recovering from killed browser)
  [OddsPoll] Failed: It looks like you are using Playwright Sync API inside the asyncio loop.
Please use the Async API instead.
  [Health] Reset thread event loop (recovering from killed browser)
  [OddsPoll] Failed: It looks like you are using Playwright Sync API inside the asyncio loop.
Please use the Async API instead.
  [Health] Reset thread event loop (recovering from killed browser)
  [OddsPoll] Failed: It looks like you are using Playwright Sync API inside the asyncio loop.
Please use the Async API instead.
  [Scraper] Pruned 12 odds files older than 24h

  [Scraper] QUICK scrape at 2026-07-09 04:37:19.039789
  [Health] Reset thread event loop (recovering from killed browser)
  [Scraper] Quick scrape failed: It looks like you are using Playwright Sync API inside the asyncio loop.
Please use the Async API instead.
  [Scraper] Rebuilding models...
  [App] Loading football data...
  [Data] England: 22860 matches from seasons [1, 2, 3, 4]
  [Data] France: 39437 matches from seasons [1, 2, 3, 4]
  [Data] Germany: 50373 matches from seasons [1, 2, 3, 4]
  [Data] Italy: 58670 matches from seasons [1, 2, 3, 4]
  [Data] Spain: 64260 matches from seasons [1, 2, 3, 4]
  [Data] Turkey: 51966 matches from seasons [1, 2, 3, 4]
  [App] Building Poisson models...
  [Health] Reset thread event loop (recovering from killed browser)
  [OddsPoll] Failed: It looks like you are using Playwright Sync API inside the asyncio loop.
Please use the Async API instead.
  [App] Evaluating accuracy & building improved models...
  [Accuracy] England: 3930 evaluated, 1X2=49.2%, O2.5=54.8%, BTTS=55.0%
  [Accuracy] France: 5891 evaluated, 1X2=46.9%, O2.5=52.5%, BTTS=52.2%
  [Accuracy] Germany: 6047 evaluated, 1X2=47.9%, O2.5=52.8%, BTTS=54.4%
  [Accuracy] Italy: 6590 evaluated, 1X2=48.9%, O2.5=52.4%, BTTS=51.5%
  [Accuracy] Spain: 6257 evaluated, 1X2=47.8%, O2.5=53.5%, BTTS=52.2%
  [Health] Reset thread event loop (recovering from killed browser)
  [OddsPoll] Failed: It looks like you are using Playwright Sync API inside the asyncio loop.
Please use the Async API instead.
  [Accuracy] Turkey: 5721 evaluated, 1X2=45.4%, O2.5=52.8%, BTTS=53.1%
  [App] Loading racing data...
  [Data] Greyhound Racing: 2264 races, venues: London, Santa Monica
  [Data] Horse Racing: 2129 races, venues: Dubai, Golden Gate Fields, Kentucky, Queen Mary, Royal Meadow, San Pablo
  [Data] Motorbike Racing: 1211 races, venues: Southern
  [Data] Speedway Racing: 893 races, venues: Bristol
  [App] Building racing models...
  [App] Models ready: 6 football leagues, 10 racing venues, 342 predictions, 342 improved predictions
  [Health] models_rebuild: ok 07-09 04:37:29  |  odds_scrape: !! 07-09 04:37:27  It looks like you are using Playwright Sync API inside the asyncio loop.
Please use the Async API instead.  |  racing_results: ok 07-08 16:08:44  |  racing_upcoming: ok 07-08 16:48:39  |  results_scrape: ok 07-08 16:08:17  |  virtual_session: ok 07-08 16:07:25
  [Health] Reset thread event loop (recovering from killed browser)
  [OddsPoll] Failed: It looks like you are using Playwright Sync API inside the asyncio loop.
Please use the Async API instead.
  [Health] Reset thread event loop (recovering from killed browser)
  [OddsPoll] Failed: It looks like you are using Playwright Sync API inside the asyncio loop.
Please use the Async API instead.
  [Health] Reset thread event loop (recovering from killed browser)
  [OddsPoll] Failed: It looks like you are using Playwright Sync API inside the asyncio loop.
Please use the Async API instead.
  [Health] Reset thread event loop (recovering from killed browser)
  [OddsPoll] Failed: It looks like you are using Playwright Sync API inside the asyncio loop.
Please use the Async API instead.
  [Health] Reset thread event loop (recovering from killed browser)
  [OddsPoll] Failed: It looks like you are using Playwright Sync API inside the asyncio loop.
Please use the Async API instead.
  [Health] Reset thread event loop (recovering from killed browser)
  [OddsPoll] Failed: It looks like you are using Playwright Sync API inside the asyncio loop.
Please use the Async API instead.
  [Health] Reset thread event loop (recovering from killed browser)
  [OddsPoll] Failed: It looks like you are using Playwright Sync API inside the asyncio loop.
Please use the Async API instead.
  [Health] Reset thread event loop (recovering from killed browser)
  [OddsPoll] Failed: It looks like you are using Playwright Sync API inside the asyncio loop.
Please use the Async API instead.
  [Health] Reset thread event loop (recovering from killed browser)
  [OddsPoll] Failed: It looks like you are using Playwright Sync API inside the asyncio loop.
Please use the Async API instead.
  [Health] Reset thread event loop (recovering from killed browser)
  [OddsPoll] Failed: It looks like you are using Playwright Sync API inside the asyncio loop.
Please use the Async API instead.
  [Health] Reset thread event loop (recovering from killed browser)
  [OddsPoll] Failed: It looks like you are using Playwright Sync API inside the asyncio loop.
Please use the Async API instead.
  [Health] Reset thread event loop (recovering from killed browser)
  [OddsPoll] Failed: It looks like you are using Playwright Sync API inside the asyncio loop.
Please use the Async API instead.
  [Health] Reset thread event loop (recovering from killed browser)
  [OddsPoll] Failed: It looks like you are using Playwright Sync API inside the asyncio loop.
Please use the Async API instead.
  [Health] Reset thread event loop (recovering from killed browser)
  [OddsPoll] Failed: It looks like you are using Playwright Sync API inside the asyncio loop.
Please use the Async API instead.
  [Health] Reset thread event loop (recovering from killed browser)
  [OddsPoll] Failed: It looks like you are using Playwright Sync API inside the asyncio loop.
Please use the Async API instead.
  [Health] Reset thread event loop (recovering from killed browser)
  [OddsPoll] Failed: It looks like you are using Playwright Sync API inside the asyncio loop.
Please use the Async API instead.
  [Health] Reset thread event loop (recovering from killed browser)
  [OddsPoll] Failed: It looks like you are using Playwright Sync API inside the asyncio loop.
Please use the Async API instead.
  [Health] Reset thread event loop (recovering from killed browser)
  [OddsPoll] Failed: It looks like you are using Playwright Sync API inside the asyncio loop.
Please use the Async API instead.
  [Health] Reset thread event loop (recovering from killed browser)
  [OddsPoll] Failed: It looks like you are using Playwright Sync API inside the asyncio loop.
Please use the Async API instead.
  [Health] Reset thread event loop (recovering from killed browser)
  [OddsPoll] Failed: It looks like you are using Playwright Sync API inside the asyncio loop.
Please use the Async API instead.
  [Health] Reset thread event loop (recovering from killed browser)
  [OddsPoll] Failed: It looks like you are using Playwright Sync API inside the asyncio loop.
Please use the Async API instead.
  [Health] Reset thread event loop (recovering from killed browser)
  [OddsPoll] Failed: It looks like you are using Playwright Sync API inside the asyncio loop.
Please use the Async API instead.
  [Health] Reset thread event loop (recovering from killed browser)
  [OddsPoll] Failed: It looks like you are using Playwright Sync API inside the asyncio loop.
Please use the Async API instead.
